a,b,h,l,S11
12,12,4,23,-26.75538539
12,12,4,23.5,-29.01137581
12,12,4,24,-43.11740242
12,12,4,24.5,-34.3221998
12,12,4,25,-53.87259757
12,12,4,25.5,-38.52568301
12,12,4,26,-37.41492334
12.2,12,4,23,-24.42347573
12.2,12,4,23.5,-24.41928373
12.2,12,4,24,-41.51114894
12.2,12,4,24.5,-32.35178919
12.2,12,4,25,-34.87392339
12.2,12,4,25.5,-36.78178546
12.2,12,4,26,-34.93618453
12.4,12,4,23,-26.97521307
12.4,12,4,23.5,-28.68195629
12.4,12,4,24,-34.31608337
12.4,12,4,24.5,-34.01220949
12.4,12,4,25,-32.32788802
12.4,12,4,25.5,-37.22074326
12.4,12,4,26,-34.39027911
12.6,12,4,23,-30.04232192
12.6,12,4,23.5,-33.53069872
12.6,12,4,24,-22.93659208
12.6,12,4,24.5,-40.57670196
12.6,12,4,25,-54.18229368
12.6,12,4,25.5,-32.34691929
12.6,12,4,26,-35.03472546
12.8,12,4,23,-21.53035763
12.8,12,4,23.5,-57.47753129
12.8,12,4,24,-42.84071241
12.8,12,4,24.5,-49.39055574
12.8,12,4,25,-34.98258231
12.8,12,4,25.5,-42.59783241
12.8,12,4,26,-34.74867331
13,12,4,23,-32.03241696
13,12,4,23.5,-46.66121663
13,12,4,24,-42.4425893
13,12,4,24.5,-49.69772131
13,12,4,25,-36.20460334
13,12,4,25.5,-42.31269749
13,12,4,26,-38.23639901
13.2,12,4,23,-43.38588611
13.2,12,4,23.5,-37.15487281
13.2,12,4,24,-31.5267101
13.2,12,4,24.5,-33.73199903
13.2,12,4,25,-35.13758362
13.2,12,4,25.5,-57.13749855
13.2,12,4,26,-53.60074934
13.4,12,4,23,-54.04354626
13.4,12,4,23.5,-31.34116159
13.4,12,4,24,-37.10135218
13.4,12,4,24.5,-35.68991827
13.4,12,4,25,-38.63700621
13.4,12,4,25.5,-38.17005286
13.4,12,4,26,-35.71743337
13.6,12,4,23,-36.01446829
13.6,12,4,23.5,-40.88863811
13.6,12,4,24,-34.81726414
13.6,12,4,24.5,-47.77029203
13.6,12,4,25,-41.47458035
13.6,12,4,25.5,-44.65294399
13.6,12,4,26,-47.43323144
13.8,12,4,23,-31.37155551
13.8,12,4,23.5,-29.71802605
13.8,12,4,24,-36.57838905
13.8,12,4,24.5,-32.26503226
13.8,12,4,25,-49.72590872
13.8,12,4,25.5,-31.80080802
13.8,12,4,26,-46.65244635
14,12,4,23,-32.68388549
14,12,4,23.5,-28.76814436
14,12,4,24,-43.99614882
14,12,4,24.5,-42.34555574
14,12,4,25,-58.40248268
14,12,4,25.5,-31.00703336
14,12,4,26,-40.49300915
12,12.2,4,23,-23.5385332
12,12.2,4,23.5,-34.18620541
12,12.2,4,24,-26.69278845
12,12.2,4,24.5,-39.60331752
12,12.2,4,25,-36.98090249
12,12.2,4,25.5,-38.51650432
12,12.2,4,26,-33.42681767
12.2,12.2,4,23,-39.85308812
12.2,12.2,4,23.5,-30.30935877
12.2,12.2,4,24,-26.72143068
12.2,12.2,4,24.5,-53.45488888
12.2,12.2,4,25,-32.57448005
12.2,12.2,4,25.5,-44.47975075
12.2,12.2,4,26,-29.46502025
12.4,12.2,4,23,-25.10057541
12.4,12.2,4,23.5,-30.04759909
12.4,12.2,4,24,-31.6145218
12.4,12.2,4,24.5,-32.4525805
12.4,12.2,4,25,-34.87209922
12.4,12.2,4,25.5,-34.74493942
12.4,12.2,4,26,-38.96858935
12.6,12.2,4,23,-29.1816152
12.6,12.2,4,23.5,-71.24088397
12.6,12.2,4,24,-45.1657041
12.6,12.2,4,24.5,-37.31392149
12.6,12.2,4,25,-32.88161076
12.6,12.2,4,25.5,-36.5207545
12.6,12.2,4,26,-42.20699227
12.8,12.2,4,23,-39.96984884
12.8,12.2,4,23.5,-29.45190855
12.8,12.2,4,24,-36.02012886
12.8,12.2,4,24.5,-54.29250118
12.8,12.2,4,25,-55.03654498
12.8,12.2,4,25.5,-80.30472277
12.8,12.2,4,26,-33.87501993
13,12.2,4,23,-48.21406131
13,12.2,4,23.5,-31.66174108
13,12.2,4,24,-34.01006141
13,12.2,4,24.5,-42.93541132
13,12.2,4,25,-37.84335818
13,12.2,4,25.5,-55.58164066
13,12.2,4,26,-37.22925563
13.2,12.2,4,23,-43.77976335
13.2,12.2,4,23.5,-32.7797096
13.2,12.2,4,24,-57.02141262
13.2,12.2,4,24.5,-33.55914868
13.2,12.2,4,25,-35.03980247
13.2,12.2,4,25.5,-37.25481999
13.2,12.2,4,26,-35.1639084
13.4,12.2,4,23,-30.83592269
13.4,12.2,4,23.5,-27.03268355
13.4,12.2,4,24,-32.28147652
13.4,12.2,4,24.5,-32.74679174
13.4,12.2,4,25,-36.33604216
13.4,12.2,4,25.5,-28.92087667
13.4,12.2,4,26,-37.42480031
13.6,12.2,4,23,-30.52891702
13.6,12.2,4,23.5,-36.99211946
13.6,12.2,4,24,-47.49446378
13.6,12.2,4,24.5,-58.31961812
13.6,12.2,4,25,-46.26398768
13.6,12.2,4,25.5,-32.86966776
13.6,12.2,4,26,-32.61751132
13.8,12.2,4,23,-24.57182933
13.8,12.2,4,23.5,-23.99918218
13.8,12.2,4,24,-42.22292064
13.8,12.2,4,24.5,-31.59837607
13.8,12.2,4,25,-33.3159477
13.8,12.2,4,25.5,-30.99874821
13.8,12.2,4,26,-42.73370788
14,12.2,4,23,-27.29394357
14,12.2,4,23.5,-22.98388028
14,12.2,4,24,-28.38489045
14,12.2,4,24.5,-36.60302912
14,12.2,4,25,-35.91490377
14,12.2,4,25.5,-44.78892652
14,12.2,4,26,-31.32266618
12,12.4,4,23,-28.12978072
12,12.4,4,23.5,-24.85229266
12,12.4,4,24,-37.02716154
12,12.4,4,24.5,-34.42588612
12,12.4,4,25,-29.94317131
12,12.4,4,25.5,-34.58223518
12,12.4,4,26,-54.09439161
12.2,12.4,4,23,-33.62030353
12.2,12.4,4,23.5,-25.62821091
12.2,12.4,4,24,-32.99570393
12.2,12.4,4,24.5,-43.75697979
12.2,12.4,4,25,-35.82463918
12.2,12.4,4,25.5,-29.9274081
12.2,12.4,4,26,-36.30570924
12.4,12.4,4,23,-30.69760433
12.4,12.4,4,23.5,-31.91900513
12.4,12.4,4,24,-28.0674191
12.4,12.4,4,24.5,-34.11772385
12.4,12.4,4,25,-35.82911442
12.4,12.4,4,25.5,-37.19526737
12.4,12.4,4,26,-31.1639597
12.6,12.4,4,23,-41.66204622
12.6,12.4,4,23.5,-21.23514765
12.6,12.4,4,24,-44.62516027
12.6,12.4,4,24.5,-36.17212634
12.6,12.4,4,25,-31.87778235
12.6,12.4,4,25.5,-33.86182139
12.6,12.4,4,26,-31.44833401
12.8,12.4,4,23,-43.88278967
12.8,12.4,4,23.5,-53.59168526
12.8,12.4,4,24,-46.17753885
12.8,12.4,4,24.5,-42.14528512
12.8,12.4,4,25,-32.28920223
12.8,12.4,4,25.5,-31.94966403
12.8,12.4,4,26,-34.26856526
13,12.4,4,23,-36.14741651
13,12.4,4,23.5,-29.18320591
13,12.4,4,24,-37.35397616
13,12.4,4,24.5,-33.26773618
13,12.4,4,25,-46.14507297
13,12.4,4,25.5,-37.9157689
13,12.4,4,26,-40.18397464
13.2,12.4,4,23,-42.99360428
13.2,12.4,4,23.5,-41.56648229
13.2,12.4,4,24,-28.49774254
13.2,12.4,4,24.5,-47.60080398
13.2,12.4,4,25,-36.78518945
13.2,12.4,4,25.5,-55.17230672
13.2,12.4,4,26,-32.72662296
13.4,12.4,4,23,-34.91013745
13.4,12.4,4,23.5,-27.59748954
13.4,12.4,4,24,-38.85690271
13.4,12.4,4,24.5,-50.15580765
13.4,12.4,4,25,-40.77948298
13.4,12.4,4,25.5,-40.5482368
13.4,12.4,4,26,-31.03526967
13.6,12.4,4,23,-30.92715836
13.6,12.4,4,23.5,-25.76497099
13.6,12.4,4,24,-31.89928592
13.6,12.4,4,24.5,-37.41584569
13.6,12.4,4,25,-62.84119136
13.6,12.4,4,25.5,-47.78754714
13.6,12.4,4,26,-40.06865874
13.8,12.4,4,23,-29.97215155
13.8,12.4,4,23.5,-28.34326042
13.8,12.4,4,24,-31.78039597
13.8,12.4,4,24.5,-35.64682801
13.8,12.4,4,25,-29.96482588
13.8,12.4,4,25.5,-32.75412238
13.8,12.4,4,26,-34.43957245
14,12.4,4,23,-21.96063356
14,12.4,4,23.5,-24.80585834
14,12.4,4,24,-41.56899587
14,12.4,4,24.5,-35.64436759
14,12.4,4,25,-37.45114264
14,12.4,4,25.5,-37.64964592
14,12.4,4,26,-43.67427849
12,12.6,4,23,-29.95871825
12,12.6,4,23.5,-27.40864102
12,12.6,4,24,-28.17568789
12,12.6,4,24.5,-37.36166281
12,12.6,4,25,-31.82085914
12,12.6,4,25.5,-39.11367694
12,12.6,4,26,-34.42242226
12.2,12.6,4,23,-30.31367564
12.2,12.6,4,23.5,-20.1473246
12.2,12.6,4,24,-40.68014337
12.2,12.6,4,24.5,-33.88804659
12.2,12.6,4,25,-29.62514407
12.2,12.6,4,25.5,-12.20450426
12.2,12.6,4,26,-36.09544336
12.4,12.6,4,23,-21.04327059
12.4,12.6,4,23.5,-25.44437329
12.4,12.6,4,24,-35.89801024
12.4,12.6,4,24.5,-39.22346186
12.4,12.6,4,25,-31.33105967
12.4,12.6,4,25.5,-34.83048324
12.4,12.6,4,26,-33.63076933
12.6,12.6,4,23,-58.25162083
12.6,12.6,4,23.5,-36.04083322
12.6,12.6,4,24,-34.3778876
12.6,12.6,4,24.5,-35.87868349
12.6,12.6,4,25,-41.35041275
12.6,12.6,4,25.5,-33.93311623
12.6,12.6,4,26,-33.11941953
12.8,12.6,4,23,-38.81328809
12.8,12.6,4,23.5,-36.26323303
12.8,12.6,4,24,-37.2095078
12.8,12.6,4,24.5,-60.23031045
12.8,12.6,4,25,-44.5340847
12.8,12.6,4,25.5,-34.72925173
12.8,12.6,4,26,-34.84527884
13,12.6,4,23,-19.71478251
13,12.6,4,23.5,-47.89991726
13,12.6,4,24,-55.11521328
13,12.6,4,24.5,-36.9490405
13,12.6,4,25,-58.05108523
13,12.6,4,25.5,-56.09426806
13,12.6,4,26,-40.1205648
13.2,12.6,4,23,-27.71276562
13.2,12.6,4,23.5,-24.49397116
13.2,12.6,4,24,-32.71457418
13.2,12.6,4,24.5,-34.4717881
13.2,12.6,4,25,-30.32744377
13.2,12.6,4,25.5,-37.75381165
13.2,12.6,4,26,-44.7768702
13.4,12.6,4,23,-25.71821033
13.4,12.6,4,23.5,-34.01642706
13.4,12.6,4,24,-44.30347604
13.4,12.6,4,24.5,-46.65802101
13.4,12.6,4,25,-34.51816089
13.4,12.6,4,25.5,-31.08758257
13.4,12.6,4,26,-32.6220241
13.6,12.6,4,23,-24.19967195
13.6,12.6,4,23.5,-27.770671
13.6,12.6,4,24,-35.19879094
13.6,12.6,4,24.5,-30.60355938
13.6,12.6,4,25,-37.91161548
13.6,12.6,4,25.5,-31.0982171
13.6,12.6,4,26,-32.00156426
13.8,12.6,4,23,-26.22629408
13.8,12.6,4,23.5,-26.51818623
13.8,12.6,4,24,-36.30258281
13.8,12.6,4,24.5,-36.33419199
13.8,12.6,4,25,-34.81551622
13.8,12.6,4,25.5,-31.68682709
13.8,12.6,4,26,-33.47061458
14,12.6,4,23,-22.9581319
14,12.6,4,23.5,-19.55340845
14,12.6,4,24,-29.46353081
14,12.6,4,24.5,-40.86462423
14,12.6,4,25,-37.80758087
14,12.6,4,25.5,-34.20153228
14,12.6,4,26,-31.26181515
12,12.8,4,23,-26.93292173
12,12.8,4,23.5,-36.89268967
12,12.8,4,24,-32.781965
12,12.8,4,24.5,-31.58577917
12,12.8,4,25,-36.62652225
12,12.8,4,25.5,-31.99790341
12,12.8,4,26,-60.04703966
12.2,12.8,4,23,-34.68300719
12.2,12.8,4,23.5,-22.78501862
12.2,12.8,4,24,-38.12792913
12.2,12.8,4,24.5,-32.27243558
12.2,12.8,4,25,-38.06774752
12.2,12.8,4,25.5,-31.07603323
12.2,12.8,4,26,-38.51964208
12.4,12.8,4,23,-26.2167931
12.4,12.8,4,23.5,-43.97249562
12.4,12.8,4,24,-34.78274437
12.4,12.8,4,24.5,-32.13288709
12.4,12.8,4,25,-32.61739898
12.4,12.8,4,25.5,-35.02017236
12.4,12.8,4,26,-30.56332313
12.6,12.8,4,23,-45.52227341
12.6,12.8,4,23.5,-39.25004293
12.6,12.8,4,24,-31.27964979
12.6,12.8,4,24.5,-38.92786553
12.6,12.8,4,25,-31.53508804
12.6,12.8,4,25.5,-32.08325539
12.6,12.8,4,26,-31.63665718
12.8,12.8,4,23,-23.56435293
12.8,12.8,4,23.5,-30.98537498
12.8,12.8,4,24,-41.49466788
12.8,12.8,4,24.5,-33.08197241
12.8,12.8,4,25,-31.35016727
12.8,12.8,4,25.5,-33.09179725
12.8,12.8,4,26,-34.05028877
13,12.8,4,23,-31.04305782
13,12.8,4,23.5,-36.50194074
13,12.8,4,24,-46.4290562
13,12.8,4,24.5,-36.40525022
13,12.8,4,25,-30.43815971
13,12.8,4,25.5,-32.38009988
13,12.8,4,26,-39.31169956
13.2,12.8,4,23,-38.20483962
13.2,12.8,4,23.5,-30.65171665
13.2,12.8,4,24,-32.06287736
13.2,12.8,4,24.5,-43.15666458
13.2,12.8,4,25,-39.1967145
13.2,12.8,4,25.5,-32.63547091
13.2,12.8,4,26,-30.6124449
13.4,12.8,4,23,-23.35958324
13.4,12.8,4,23.5,-30.86257379
13.4,12.8,4,24,-33.68141394
13.4,12.8,4,24.5,-38.84466228
13.4,12.8,4,25,-32.62068735
13.4,12.8,4,25.5,-29.52887073
13.4,12.8,4,26,-30.67373691
13.6,12.8,4,23,-19.50630206
13.6,12.8,4,23.5,-23.55643929
13.6,12.8,4,24,-36.7153749
13.6,12.8,4,24.5,-32.71043302
13.6,12.8,4,25,-31.45659264
13.6,12.8,4,25.5,-33.33792681
13.6,12.8,4,26,-29.39024036
13.8,12.8,4,23,-20.84449109
13.8,12.8,4,23.5,-22.44578274
13.8,12.8,4,24,-30.08132867
13.8,12.8,4,24.5,-33.02293711
13.8,12.8,4,25,-30.39604717
13.8,12.8,4,25.5,-32.3387932
13.8,12.8,4,26,-31.38083262
14,12.8,4,23,-21.91604004
14,12.8,4,23.5,-24.25209557
14,12.8,4,24,-36.45527159
14,12.8,4,24.5,-32.44683683
14,12.8,4,25,-31.62150789
14,12.8,4,25.5,-31.26803793
14,12.8,4,26,-32.5268487
12,13,4,23,-39.30870296
12,13,4,23.5,-35.73315057
12,13,4,24,-31.52739109
12,13,4,24.5,-32.9932669
12,13,4,25,-32.11452951
12,13,4,25.5,-33.25946491
12,13,4,26,-43.03342165
12.2,13,4,23,-31.98311503
12.2,13,4,23.5,-50.89976081
12.2,13,4,24,-50.74330937
12.2,13,4,24.5,-30.52926125
12.2,13,4,25,-32.22306782
12.2,13,4,25.5,-33.05862097
12.2,13,4,26,-43.66886022
12.4,13,4,23,-37.05443987
12.4,13,4,23.5,-50.29913763
12.4,13,4,24,-44.24446482
12.4,13,4,24.5,-31.97485566
12.4,13,4,25,-30.83229347
12.4,13,4,25.5,-33.70901695
12.4,13,4,26,-30.59782557
12.6,13,4,23,-28.65396623
12.6,13,4,23.5,-34.16647953
12.6,13,4,24,-35.22320471
12.6,13,4,24.5,-50.03305508
12.6,13,4,25,-33.72788508
12.6,13,4,25.5,-29.6343374
12.6,13,4,26,-31.96836167
12.8,13,4,23,-25.69275781
12.8,13,4,23.5,-29.83561278
12.8,13,4,24,-45.22104487
12.8,13,4,24.5,-33.60141781
12.8,13,4,25,-39.31337751
12.8,13,4,25.5,-32.61114053
12.8,13,4,26,-30.12831577
13,13,4,23,-25.45093644
13,13,4,23.5,-25.73885655
13,13,4,24,-31.34317767
13,13,4,24.5,-38.84167802
13,13,4,25,-31.16801584
13,13,4,25.5,-30.73357318
13,13,4,26,-33.44025844
13.2,13,4,23,-21.3516666
13.2,13,4,23.5,-27.77562713
13.2,13,4,24,-36.69881847
13.2,13,4,24.5,-32.72385476
13.2,13,4,25,-29.5704504
13.2,13,4,25.5,-28.73557494
13.2,13,4,26,-43.44096808
13.4,13,4,23,-24.20472109
13.4,13,4,23.5,-24.29404925
13.4,13,4,24,-37.21693133
13.4,13,4,24.5,-29.94522304
13.4,13,4,25,-30.37451575
13.4,13,4,25.5,-32.34428414
13.4,13,4,26,-35.08763309
13.6,13,4,23,-21.53536762
13.6,13,4,23.5,-22.2027305
13.6,13,4,24,-31.26674589
13.6,13,4,24.5,-34.06083345
13.6,13,4,25,-29.4456788
13.6,13,4,25.5,-30.6175744
13.6,13,4,26,-28.52390553
13.8,13,4,23,-23.27183558
13.8,13,4,23.5,-24.33068232
13.8,13,4,24,-26.07981105
13.8,13,4,24.5,-30.87910549
13.8,13,4,25,-30.11030263
13.8,13,4,25.5,-32.013695
13.8,13,4,26,-32.35419401
14,13,4,23,-20.77375127
14,13,4,23.5,-22.70325727
14,13,4,24,-33.78735626
14,13,4,24.5,-34.17737472
14,13,4,25,-28.63708717
14,13,4,25.5,-33.54515346
14,13,4,26,-50.38233476
12,13.2,4,23,-27.31541513
12,13.2,4,23.5,-57.36741647
12,13.2,4,24,-47.97404478
12,13.2,4,24.5,-34.22874316
12,13.2,4,25,-31.57033034
12,13.2,4,25.5,-31.08842391
12,13.2,4,26,-32.05327084
12.2,13.2,4,23,-62.53491346
12.2,13.2,4,23.5,-50.07683513
12.2,13.2,4,24,-44.5386341
12.2,13.2,4,24.5,-30.65164545
12.2,13.2,4,25,-29.51962831
12.2,13.2,4,25.5,-33.01586039
12.2,13.2,4,26,-31.40643664
12.4,13.2,4,23,-31.72779418
12.4,13.2,4,23.5,-49.8136766
12.4,13.2,4,24,-40.27652548
12.4,13.2,4,24.5,-31.1623836
12.4,13.2,4,25,-34.27971828
12.4,13.2,4,25.5,-32.34051444
12.4,13.2,4,26,-39.04156605
12.6,13.2,4,23,-27.57656818
12.6,13.2,4,23.5,-30.69390919
12.6,13.2,4,24,-32.55374696
12.6,13.2,4,24.5,-34.23286451
12.6,13.2,4,25,-33.75742386
12.6,13.2,4,25.5,-29.06827649
12.6,13.2,4,26,-34.64988194
12.8,13.2,4,23,-24.16480483
12.8,13.2,4,23.5,-27.39564563
12.8,13.2,4,24,-31.52382578
12.8,13.2,4,24.5,-35.19214733
12.8,13.2,4,25,-29.73419327
12.8,13.2,4,25.5,-28.7421022
12.8,13.2,4,26,-31.68792102
13,13.2,4,23,-27.16772337
13,13.2,4,23.5,-29.66149793
13,13.2,4,24,-31.00445176
13,13.2,4,24.5,-31.51547014
13,13.2,4,25,-28.48805008
13,13.2,4,25.5,-39.39313488
13,13.2,4,26,-31.98090668
13.2,13.2,4,23,-23.45170932
13.2,13.2,4,23.5,-23.3708801
13.2,13.2,4,24,-28.16561161
13.2,13.2,4,24.5,-31.0014956
13.2,13.2,4,25,-29.15734635
13.2,13.2,4,25.5,-30.82314489
13.2,13.2,4,26,-28.763409
13.4,13.2,4,23,-21.0988375
13.4,13.2,4,23.5,-26.29025151
13.4,13.2,4,24,-35.78066512
13.4,13.2,4,24.5,-26.72357516
13.4,13.2,4,25,-28.99449986
13.4,13.2,4,25.5,-32.93073566
13.4,13.2,4,26,-26.90845326
13.6,13.2,4,23,-19.93036097
13.6,13.2,4,23.5,-24.91880274
13.6,13.2,4,24,-33.54145891
13.6,13.2,4,24.5,-29.65929785
13.6,13.2,4,25,-30.29568796
13.6,13.2,4,25.5,-28.03868072
13.6,13.2,4,26,-33.1746651
13.8,13.2,4,23,-20.04266457
13.8,13.2,4,23.5,-23.90915006
13.8,13.2,4,24,-32.475761
13.8,13.2,4,24.5,-30.3147955
13.8,13.2,4,25,-30.54885034
13.8,13.2,4,25.5,-28.3422025
13.8,13.2,4,26,-31.67940211
14,13.2,4,23,-20.02575429
14,13.2,4,23.5,-25.18945198
14,13.2,4,24,-31.98776625
14,13.2,4,24.5,-30.27420514
14,13.2,4,25,-34.95058989
14,13.2,4,25.5,-30.44083278
14,13.2,4,26,-28.32420494
12,13.4,4,23,-47.76830422
12,13.4,4,23.5,-30.45340886
12,13.4,4,24,-36.98903608
12,13.4,4,24.5,-27.43120222
12,13.4,4,25,-32.8352425
12,13.4,4,25.5,-28.69901013
12,13.4,4,26,-44.74911527
12.2,13.4,4,23,-37.0938593
12.2,13.4,4,23.5,-38.62170945
12.2,13.4,4,24,-42.60636383
12.2,13.4,4,24.5,-30.75864528
12.2,13.4,4,25,-47.15530069
12.2,13.4,4,25.5,-47.471357
12.2,13.4,4,26,-31.78873913
12.4,13.4,4,23,-39.87944208
12.4,13.4,4,23.5,-31.97532175
12.4,13.4,4,24,-31.34110908
12.4,13.4,4,24.5,-36.3936483
12.4,13.4,4,25,-31.40203383
12.4,13.4,4,25.5,-28.86090793
12.4,13.4,4,26,-30.15398593
12.6,13.4,4,23,-48.56742464
12.6,13.4,4,23.5,-34.99753336
12.6,13.4,4,24,-36.5073453
12.6,13.4,4,24.5,-31.40951993
12.6,13.4,4,25,-27.69175288
12.6,13.4,4,25.5,-29.82791644
12.6,13.4,4,26,-30.25679423
12.8,13.4,4,23,-26.07373255
12.8,13.4,4,23.5,-38.98946894
12.8,13.4,4,24,-38.6132666
12.8,13.4,4,24.5,-31.12838129
12.8,13.4,4,25,-30.93889115
12.8,13.4,4,25.5,-33.38155208
12.8,13.4,4,26,-28.08389127
13,13.4,4,23,-24.89268848
13,13.4,4,23.5,-24.81315946
13,13.4,4,24,-30.5144828
13,13.4,4,24.5,-32.14280763
13,13.4,4,25,-32.26895087
13,13.4,4,25.5,-31.52599372
13,13.4,4,26,-50.3859054
13.2,13.4,4,23,-18.97631851
13.2,13.4,4,23.5,-22.97947301
13.2,13.4,4,24,-37.78338346
13.2,13.4,4,24.5,-28.91854756
13.2,13.4,4,25,-27.12653696
13.2,13.4,4,25.5,-29.73972022
13.2,13.4,4,26,-31.94492096
13.4,13.4,4,23,-19.95164757
13.4,13.4,4,23.5,-23.35836128
13.4,13.4,4,24,-30.25728346
13.4,13.4,4,24.5,-29.29287231
13.4,13.4,4,25,-30.57871047
13.4,13.4,4,25.5,-29.03635482
13.4,13.4,4,26,-25.79150328
13.6,13.4,4,23,-18.40513337
13.6,13.4,4,23.5,-23.67348503
13.6,13.4,4,24,-22.43838873
13.6,13.4,4,24.5,-28.38081576
13.6,13.4,4,25,-30.13582106
13.6,13.4,4,25.5,-28.64932242
13.6,13.4,4,26,-32.17101815
13.8,13.4,4,23,-19.38348655
13.8,13.4,4,23.5,-24.43057109
13.8,13.4,4,24,-31.56586646
13.8,13.4,4,24.5,-28.51291601
13.8,13.4,4,25,-29.6847753
13.8,13.4,4,25.5,-30.20331936
13.8,13.4,4,26,-30.90977704
14,13.4,4,23,-18.55547814
14,13.4,4,23.5,-23.44945551
14,13.4,4,24,-41.53829053
14,13.4,4,24.5,-26.7500778
14,13.4,4,25,-32.06227159
14,13.4,4,25.5,-31.27739507
14,13.4,4,26,-29.36629672
12,13.6,4,23,-26.79976808
12,13.6,4,23.5,-43.11115803
12,13.6,4,24,-39.21193412
12,13.6,4,24.5,-32.2571787
12,13.6,4,25,-30.93174076
12,13.6,4,25.5,-32.33360372
12,13.6,4,26,-33.52697514
12.2,13.6,4,23,-33.16908861
12.2,13.6,4,23.5,-31.13648032
12.2,13.6,4,24,-33.44480435
12.2,13.6,4,24.5,-29.45133017
12.2,13.6,4,25,-40.23276287
12.2,13.6,4,25.5,-27.50783614
12.2,13.6,4,26,-28.14527827
12.4,13.6,4,23,-26.36424838
12.4,13.6,4,23.5,-39.58441072
12.4,13.6,4,24,-57.83057094
12.4,13.6,4,24.5,-29.70403041
12.4,13.6,4,25,-29.67994696
12.4,13.6,4,25.5,-30.26166613
12.4,13.6,4,26,-28.14157399
12.6,13.6,4,23,-24.29200127
12.6,13.6,4,23.5,-27.2460097
12.6,13.6,4,24,-27.78345646
12.6,13.6,4,24.5,-30.21220974
12.6,13.6,4,25,-30.56560421
12.6,13.6,4,25.5,-30.22991124
12.6,13.6,4,26,-32.03904807
12.8,13.6,4,23,-22.72298724
12.8,13.6,4,23.5,-26.44181008
12.8,13.6,4,24,-49.24599789
12.8,13.6,4,24.5,-28.46788506
12.8,13.6,4,25,-39.8253701
12.8,13.6,4,25.5,-29.36476294
12.8,13.6,4,26,-28.80212846
13,13.6,4,23,-29.53491579
13,13.6,4,23.5,-25.86601651
13,13.6,4,24,-28.72866873
13,13.6,4,24.5,-33.39005528
13,13.6,4,25,-29.13992515
13,13.6,4,25.5,-26.71104467
13,13.6,4,26,-28.16535597
13.2,13.6,4,23,-21.07603116
13.2,13.6,4,23.5,-23.43972726
13.2,13.6,4,24,-38.33164953
13.2,13.6,4,24.5,-29.24113034
13.2,13.6,4,25,-28.50046875
13.2,13.6,4,25.5,-27.77848935
13.2,13.6,4,26,-27.65317773
13.4,13.6,4,23,-18.48164295
13.4,13.6,4,23.5,-25.53382982
13.4,13.6,4,24,-52.6469952
13.4,13.6,4,24.5,-28.37431714
13.4,13.6,4,25,-27.47933616
13.4,13.6,4,25.5,-27.46704056
13.4,13.6,4,26,-29.30696434
13.6,13.6,4,23,-20.576493
13.6,13.6,4,23.5,-25.98648627
13.6,13.6,4,24,-36.4507905
13.6,13.6,4,24.5,-28.21912989
13.6,13.6,4,25,-30.72908809
13.6,13.6,4,25.5,-30.88092455
13.6,13.6,4,26,-34.94515985
13.8,13.6,4,23,-17.78203333
13.8,13.6,4,23.5,-23.71903262
13.8,13.6,4,24,-43.5943351
13.8,13.6,4,24.5,-27.25679023
13.8,13.6,4,25,-28.25470032
13.8,13.6,4,25.5,-30.06134186
13.8,13.6,4,26,-28.52829226
14,13.6,4,23,-17.89527775
14,13.6,4,23.5,-21.5466202
14,13.6,4,24,-49.91139053
14,13.6,4,24.5,-30.83061474
14,13.6,4,25,-27.64952881
14,13.6,4,25.5,-29.80545178
14,13.6,4,26,-27.28503202
12,13.8,4,23,-21.26004453
12,13.8,4,23.5,-30.3662985
12,13.8,4,24,-56.69145676
12,13.8,4,24.5,-31.57996556
12,13.8,4,25,-28.53114708
12,13.8,4,25.5,-29.6203757
12,13.8,4,26,-30.51554602
12.2,13.8,4,23,-32.9151864
12.2,13.8,4,23.5,-32.86540551
12.2,13.8,4,24,-37.94686152
12.2,13.8,4,24.5,-29.03140215
12.2,13.8,4,25,-28.10192893
12.2,13.8,4,25.5,-28.64933677
12.2,13.8,4,26,-28.39005686
12.4,13.8,4,23,-33.41604174
12.4,13.8,4,23.5,-31.300468
12.4,13.8,4,24,-34.42747123
12.4,13.8,4,24.5,-30.10628519
12.4,13.8,4,25,-28.40159646
12.4,13.8,4,25.5,-26.14165395
12.4,13.8,4,26,-37.84322377
12.6,13.8,4,23,-29.97494988
12.6,13.8,4,23.5,-26.14301123
12.6,13.8,4,24,-30.40229018
12.6,13.8,4,24.5,-30.0016756
12.6,13.8,4,25,-30.17415586
12.6,13.8,4,25.5,-30.28560584
12.6,13.8,4,26,-28.33258344
12.8,13.8,4,23,-22.40114177
12.8,13.8,4,23.5,-22.84245123
12.8,13.8,4,24,-37.46130032
12.8,13.8,4,24.5,-28.80727474
12.8,13.8,4,25,-29.15680168
12.8,13.8,4,25.5,-27.81043597
12.8,13.8,4,26,-29.1991514
13,13.8,4,23,-20.50467764
13,13.8,4,23.5,-21.67249388
13,13.8,4,24,-55.8601487
13,13.8,4,24.5,-28.19616074
13,13.8,4,25,-28.67324558
13,13.8,4,25.5,-28.09347913
13,13.8,4,26,-27.18677462
13.2,13.8,4,23,-19.53780468
13.2,13.8,4,23.5,-25.23837414
13.2,13.8,4,24,-38.60549873
13.2,13.8,4,24.5,-26.02223638
13.2,13.8,4,25,-26.60920712
13.2,13.8,4,25.5,-27.91126208
13.2,13.8,4,26,-29.64645713
13.4,13.8,4,23,-19.36036359
13.4,13.8,4,23.5,-27.67417658
13.4,13.8,4,24,-45.39722333
13.4,13.8,4,24.5,-27.68587077
13.4,13.8,4,25,-26.37057488
13.4,13.8,4,25.5,-27.80871747
13.4,13.8,4,26,-28.57407514
13.6,13.8,4,23,-17.91417183
13.6,13.8,4,23.5,-18.12265124
13.6,13.8,4,24,-46.03874314
13.6,13.8,4,24.5,-27.35451899
13.6,13.8,4,25,-26.47866078
13.6,13.8,4,25.5,-26.98831105
13.6,13.8,4,26,-26.87809323
13.8,13.8,4,23,-17.99293128
13.8,13.8,4,23.5,-24.19575048
13.8,13.8,4,24,-43.60069974
13.8,13.8,4,24.5,-28.73358049
13.8,13.8,4,25,-27.27054534
13.8,13.8,4,25.5,-40.13765461
13.8,13.8,4,26,-28.27420023
14,13.8,4,23,-16.97451895
14,13.8,4,23.5,-20.33965086
14,13.8,4,24,-35.04224332
14,13.8,4,24.5,-29.27184192
14,13.8,4,25,-27.30180547
14,13.8,4,25.5,-25.73134155
14,13.8,4,26,-34.92199681
12,14,4,23,-49.03754612
12,14,4,23.5,-40.34015338
12,14,4,24,-43.810167
12,14,4,24.5,-35.90555259
12,14,4,25,-41.84870401
12,14,4,25.5,-31.09472243
12,14,4,26,-28.69769805
12.2,14,4,23,-49.59991978
12.2,14,4,23.5,-56.02430058
12.2,14,4,24,-39.57198409
12.2,14,4,24.5,-39.51559717
12.2,14,4,25,-34.29772376
12.2,14,4,25.5,-36.97648223
12.2,14,4,26,-26.89299773
12.4,14,4,23,-32.36303265
12.4,14,4,23.5,-40.95167505
12.4,14,4,24,-42.16642126
12.4,14,4,24.5,-29.28113349
12.4,14,4,25,-27.41072827
12.4,14,4,25.5,-31.41778211
12.4,14,4,26,-30.86678996
12.6,14,4,23,-27.75732219
12.6,14,4,23.5,-38.59906137
12.6,14,4,24,-37.59320882
12.6,14,4,24.5,-33.6021969
12.6,14,4,25,-27.30125951
12.6,14,4,25.5,-29.21123504
12.6,14,4,26,-28.66840809
12.8,14,4,23,-23.88817669
12.8,14,4,23.5,-29.76336703
12.8,14,4,24,-42.86655001
12.8,14,4,24.5,-29.44029917
12.8,14,4,25,-30.24330438
12.8,14,4,25.5,-27.4023914
12.8,14,4,26,-27.51807239
13,14,4,23,-21.8195439
13,14,4,23.5,-24.34379168
13,14,4,24,-39.99080142
13,14,4,24.5,-26.58448939
13,14,4,25,-38.60941651
13,14,4,25.5,-27.63993692
13,14,4,26,-25.40526727
13.2,14,4,23,-17.28763702
13.2,14,4,23.5,-27.40493549
13.2,14,4,24,-41.48812629
13.2,14,4,24.5,-26.0123474
13.2,14,4,25,-28.36621918
13.2,14,4,25.5,-25.78730871
13.2,14,4,26,-27.07463191
13.4,14,4,23,-18.78262932
13.4,14,4,23.5,-23.80464247
13.4,14,4,24,-37.34686276
13.4,14,4,24.5,-25.62985071
13.4,14,4,25,-27.81060045
13.4,14,4,25.5,-25.4994566
13.4,14,4,26,-27.35991404
13.6,14,4,23,-19.00981019
13.6,14,4,23.5,-22.46910807
13.6,14,4,24,-59.9418425
13.6,14,4,24.5,-26.02326265
13.6,14,4,25,-26.11479316
13.6,14,4,25.5,-28.39248681
13.6,14,4,26,-28.35890827
13.8,14,4,23,-18.27410934
13.8,14,4,23.5,-25.53666169
13.8,14,4,24,-46.13214419
13.8,14,4,24.5,-26.26080576
13.8,14,4,25,-29.53607181
13.8,14,4,25.5,-26.50049059
13.8,14,4,26,-26.48683555
14,14,4,23,-17.85911194
14,14,4,23.5,-20.80125036
14,14,4,24,-49.09741159
14,14,4,24.5,-25.17730208
14,14,4,25,-27.03370118
14,14,4,25.5,-26.71113686
14,14,4,26,-26.7126906
12,12,5,23,-20.40774711
12,12,5,23.5,-27.17599167
12,12,5,24,-43.97501623
12,12,5,24.5,-28.55364465
12,12,5,25,-27.37225232
12,12,5,25.5,-30.55447225
12,12,5,26,-27.4545072
12.2,12,5,23,-18.36522387
12.2,12,5,23.5,-28.31697664
12.2,12,5,24,-55.25671965
12.2,12,5,24.5,-28.58094598
12.2,12,5,25,-28.68859402
12.2,12,5,25.5,-48.49308064
12.2,12,5,26,-29.02064755
12.4,12,5,23,-25.2596891
12.4,12,5,23.5,-26.2953447
12.4,12,5,24,-40.75643204
12.4,12,5,24.5,-28.10249395
12.4,12,5,25,-37.29750519
12.4,12,5,25.5,-27.25844469
12.4,12,5,26,-52.54174517
12.6,12,5,23,-20.24443104
12.6,12,5,23.5,-25.55154792
12.6,12,5,24,-33.96339076
12.6,12,5,24.5,-36.91190955
12.6,12,5,25,-34.03793003
12.6,12,5,25.5,-28.85449787
12.6,12,5,26,-34.85544688
12.8,12,5,23,-23.64870232
12.8,12,5,23.5,-23.68947578
12.8,12,5,24,-40.29236065
12.8,12,5,24.5,-31.39601183
12.8,12,5,25,-35.39198142
12.8,12,5,25.5,-33.14361591
12.8,12,5,26,-37.97363927
13,12,5,23,-26.44843847
13,12,5,23.5,-23.89762148
13,12,5,24,-42.08248307
13,12,5,24.5,-42.80821305
13,12,5,25,-46.4196543
13,12,5,25.5,-36.27108296
13,12,5,26,-54.04401679
13.2,12,5,23,-29.06509613
13.2,12,5,23.5,-26.81249094
13.2,12,5,24,-19.20881725
13.2,12,5,24.5,-45.42534767
13.2,12,5,25,-52.64844049
13.2,12,5,25.5,-56.42059063
13.2,12,5,26,-44.22750657
13.4,12,5,23,-25.17601016
13.4,12,5,23.5,-28.16462326
13.4,12,5,24,-45.24802601
13.4,12,5,24.5,-41.08789377
13.4,12,5,25,-41.38573203
13.4,12,5,25.5,-40.47568108
13.4,12,5,26,-27.72240881
13.6,12,5,23,-34.7378173
13.6,12,5,23.5,-36.58903417
13.6,12,5,24,-36.04688895
13.6,12,5,24.5,-33.90973582
13.6,12,5,25,-41.0443196
13.6,12,5,25.5,-36.44833036
13.6,12,5,26,-44.27881708
13.8,12,5,23,-31.41502647
13.8,12,5,23.5,-27.72568373
13.8,12,5,24,-34.32890847
13.8,12,5,24.5,-49.74181106
13.8,12,5,25,-54.7255474
13.8,12,5,25.5,-45.61647037
13.8,12,5,26,-35.25165404
14,12,5,23,-26.97956417
14,12,5,23.5,-60.46953636
14,12,5,24,-37.58328579
14,12,5,24.5,-40.87625112
14,12,5,25,-37.44617532
14,12,5,25.5,-34.71396444
14,12,5,26,-37.26166645
12,12.2,5,23,-29.35235923
12,12.2,5,23.5,-23.09652742
12,12.2,5,24,-52.99504346
12,12.2,5,24.5,-28.70839592
12,12.2,5,25,-27.86458469
12,12.2,5,25.5,-27.3150992
12,12.2,5,26,-26.0282015
12.2,12.2,5,23,-17.84750536
12.2,12.2,5,23.5,-24.29249785
12.2,12.2,5,24,-35.76902351
12.2,12.2,5,24.5,-28.75278775
12.2,12.2,5,25,-29.78233346
12.2,12.2,5,25.5,-27.68460546
12.2,12.2,5,26,-28.39451209
12.4,12.2,5,23,-21.32970163
12.4,12.2,5,23.5,-25.11168598
12.4,12.2,5,24,-51.11972217
12.4,12.2,5,24.5,-28.78168883
12.4,12.2,5,25,-26.89263669
12.4,12.2,5,25.5,-30.94585834
12.4,12.2,5,26,-27.77670026
12.6,12.2,5,23,-29.37905875
12.6,12.2,5,23.5,-24.85121386
12.6,12.2,5,24,-40.04630852
12.6,12.2,5,24.5,-27.10334946
12.6,12.2,5,25,-45.56011711
12.6,12.2,5,25.5,-40.2333421
12.6,12.2,5,26,-27.74149464
12.8,12.2,5,23,-21.74060051
12.8,12.2,5,23.5,-28.1242703
12.8,12.2,5,24,-38.44025927
12.8,12.2,5,24.5,-36.2049621
12.8,12.2,5,25,-32.07482471
12.8,12.2,5,25.5,-29.37389008
12.8,12.2,5,26,-49.26695322
13,12.2,5,23,-22.7489765
13,12.2,5,23.5,-27.89654667
13,12.2,5,24,-50.46773809
13,12.2,5,24.5,-28.60990787
13,12.2,5,25,-37.29897261
13,12.2,5,25.5,-35.70553931
13,12.2,5,26,-30.85388164
13.2,12.2,5,23,-36.46332053
13.2,12.2,5,23.5,-25.63329596
13.2,12.2,5,24,-39.79011048
13.2,12.2,5,24.5,-56.21778166
13.2,12.2,5,25,-54.42453649
13.2,12.2,5,25.5,-32.92631649
13.2,12.2,5,26,-30.86725514
13.4,12.2,5,23,-27.23207922
13.4,12.2,5,23.5,-28.79440597
13.4,12.2,5,24,-36.12416545
13.4,12.2,5,24.5,-34.41150159
13.4,12.2,5,25,-36.19640997
13.4,12.2,5,25.5,-40.08858228
13.4,12.2,5,26,-38.50385485
13.6,12.2,5,23,-29.98662797
13.6,12.2,5,23.5,-26.68595461
13.6,12.2,5,24,-44.69704897
13.6,12.2,5,24.5,-44.49475187
13.6,12.2,5,25,-34.60351823
13.6,12.2,5,25.5,-33.90509755
13.6,12.2,5,26,-54.19296766
13.8,12.2,5,23,-29.45366061
13.8,12.2,5,23.5,-30.4346405
13.8,12.2,5,24,-48.08549716
13.8,12.2,5,24.5,-51.05041704
13.8,12.2,5,25,-56.37526516
13.8,12.2,5,25.5,-49.19760131
13.8,12.2,5,26,-37.84021793
14,12.2,5,23,-35.19444021
14,12.2,5,23.5,-27.83020895
14,12.2,5,24,-34.92102811
14,12.2,5,24.5,-57.29315865
14,12.2,5,25,-44.20799543
14,12.2,5,25.5,-37.2008609
14,12.2,5,26,-34.07459564
12,12.4,5,23,-26.29534399
12,12.4,5,23.5,-28.4642317
12,12.4,5,24,-53.03906225
12,12.4,5,24.5,-27.58676166
12,12.4,5,25,-28.38364278
12,12.4,5,25.5,-26.77625396
12,12.4,5,26,-27.45046797
12.2,12.4,5,23,-23.39729371
12.2,12.4,5,23.5,-26.13315029
12.2,12.4,5,24,-52.60799952
12.2,12.4,5,24.5,-31.14456178
12.2,12.4,5,25,-29.85693152
12.2,12.4,5,25.5,-26.40669919
12.2,12.4,5,26,-35.02859935
12.4,12.4,5,23,-27.27491936
12.4,12.4,5,23.5,-24.79471484
12.4,12.4,5,24,-48.90674494
12.4,12.4,5,24.5,-27.21264014
12.4,12.4,5,25,-29.28807633
12.4,12.4,5,25.5,-27.18046929
12.4,12.4,5,26,-33.94614128
12.6,12.4,5,23,-23.07081793
12.6,12.4,5,23.5,-31.32097722
12.6,12.4,5,24,-49.84784693
12.6,12.4,5,24.5,-28.25594912
12.6,12.4,5,25,-28.1722537
12.6,12.4,5,25.5,-30.97237488
12.6,12.4,5,26,-28.33057456
12.8,12.4,5,23,-25.24237144
12.8,12.4,5,23.5,-24.42773182
12.8,12.4,5,24,-29.51359762
12.8,12.4,5,24.5,-35.36175031
12.8,12.4,5,25,-27.70992945
12.8,12.4,5,25.5,-37.64164332
12.8,12.4,5,26,-31.91658115
13,12.4,5,23,-39.32931573
13,12.4,5,23.5,-22.26926835
13,12.4,5,24,-38.3683847
13,12.4,5,24.5,-36.93109009
13,12.4,5,25,-38.60992387
13,12.4,5,25.5,-32.19242669
13,12.4,5,26,-36.36808255
13.2,12.4,5,23,-25.61727566
13.2,12.4,5,23.5,-25.86798738
13.2,12.4,5,24,-65.51191676
13.2,12.4,5,24.5,-38.93934581
13.2,12.4,5,25,-53.58997555
13.2,12.4,5,25.5,-40.15871845
13.2,12.4,5,26,-32.56643658
13.4,12.4,5,23,-22.32185257
13.4,12.4,5,23.5,-23.18290173
13.4,12.4,5,24,-43.37892919
13.4,12.4,5,24.5,-37.52450171
13.4,12.4,5,25,-31.32938786
13.4,12.4,5,25.5,-41.34491358
13.4,12.4,5,26,-34.50517049
13.6,12.4,5,23,-33.30632311
13.6,12.4,5,23.5,-25.49419077
13.6,12.4,5,24,-35.00279697
13.6,12.4,5,24.5,-31.09949878
13.6,12.4,5,25,-39.99691116
13.6,12.4,5,25.5,-33.65348852
13.6,12.4,5,26,-42.0418677
13.8,12.4,5,23,-52.38093725
13.8,12.4,5,23.5,-34.30626308
13.8,12.4,5,24,-51.30527505
13.8,12.4,5,24.5,-55.36722969
13.8,12.4,5,25,-39.32455151
13.8,12.4,5,25.5,-38.22011346
13.8,12.4,5,26,-35.85275246
14,12.4,5,23,-26.03019377
14,12.4,5,23.5,-33.73321729
14,12.4,5,24,-45.66812981
14,12.4,5,24.5,-39.28247138
14,12.4,5,25,-27.08082517
14,12.4,5,25.5,-43.28486465
14,12.4,5,26,-31.54993066
12,12.6,5,23,-27.91892844
12,12.6,5,23.5,-31.23276673
12,12.6,5,24,-50.83141614
12,12.6,5,24.5,-26.75961329
12,12.6,5,25,-27.12779783
12,12.6,5,25.5,-28.85007651
12,12.6,5,26,-30.87003288
12.2,12.6,5,23,-28.40316609
12.2,12.6,5,23.5,-28.2155489
12.2,12.6,5,24,-27.19760278
12.2,12.6,5,24.5,-27.66760258
12.2,12.6,5,25,-24.92017357
12.2,12.6,5,25.5,-25.4384288
12.2,12.6,5,26,-27.20207932
12.4,12.6,5,23,-26.23189135
12.4,12.6,5,23.5,-26.80388534
12.4,12.6,5,24,-63.18836524
12.4,12.6,5,24.5,-27.80956076
12.4,12.6,5,25,-27.34201482
12.4,12.6,5,25.5,-26.42141002
12.4,12.6,5,26,-27.33010775
12.6,12.6,5,23,-24.5408369
12.6,12.6,5,23.5,-33.2871387
12.6,12.6,5,24,-50.9869776
12.6,12.6,5,24.5,-38.74303335
12.6,12.6,5,25,-33.93958479
12.6,12.6,5,25.5,-29.88681777
12.6,12.6,5,26,-27.86438132
12.8,12.6,5,23,-34.78498852
12.8,12.6,5,23.5,-33.42023961
12.8,12.6,5,24,-62.43908294
12.8,12.6,5,24.5,-30.52383279
12.8,12.6,5,25,-61.61607775
12.8,12.6,5,25.5,-29.70408029
12.8,12.6,5,26,-28.52142306
13,12.6,5,23,-36.2247865
13,12.6,5,23.5,-30.73387273
13,12.6,5,24,-40.33583721
13,12.6,5,24.5,-40.37322567
13,12.6,5,25,-27.61988445
13,12.6,5,25.5,-42.36450936
13,12.6,5,26,-31.85333916
13.2,12.6,5,23,-40.66500822
13.2,12.6,5,23.5,-34.12690684
13.2,12.6,5,24,-36.33406934
13.2,12.6,5,24.5,-39.84290555
13.2,12.6,5,25,-33.40947936
13.2,12.6,5,25.5,-33.95606717
13.2,12.6,5,26,-33.32340826
13.4,12.6,5,23,-29.05276517
13.4,12.6,5,23.5,-27.25481776
13.4,12.6,5,24,-50.50618768
13.4,12.6,5,24.5,-37.66686833
13.4,12.6,5,25,-30.27305234
13.4,12.6,5,25.5,-32.95475039
13.4,12.6,5,26,-75.37145457
13.6,12.6,5,23,-38.08150988
13.6,12.6,5,23.5,-63.43307709
13.6,12.6,5,24,-43.16289518
13.6,12.6,5,24.5,-47.58540513
13.6,12.6,5,25,-33.60222502
13.6,12.6,5,25.5,-36.78105036
13.6,12.6,5,26,-35.39714637
13.8,12.6,5,23,-43.83120943
13.8,12.6,5,23.5,-31.4654002
13.8,12.6,5,24,-27.169211
13.8,12.6,5,24.5,-53.06581913
13.8,12.6,5,25,-43.54842597
13.8,12.6,5,25.5,-33.2901988
13.8,12.6,5,26,-57.086449
14,12.6,5,23,-33.5288406
14,12.6,5,23.5,-33.14141221
14,12.6,5,24,-38.86442454
14,12.6,5,24.5,-29.89311233
14,12.6,5,25,-41.10562297
14,12.6,5,25.5,-33.34305619
14,12.6,5,26,-40.39994913
12,12.8,5,23,-24.21742925
12,12.8,5,23.5,-32.62192809
12,12.8,5,24,-54.19690962
12,12.8,5,24.5,-26.1800666
12,12.8,5,25,-27.68379393
12,12.8,5,25.5,-25.12456088
12,12.8,5,26,-52.19790707
12.2,12.8,5,23,-31.53032915
12.2,12.8,5,23.5,-30.49318914
12.2,12.8,5,24,-39.85806963
12.2,12.8,5,24.5,-27.69053607
12.2,12.8,5,25,-26.05595998
12.2,12.8,5,25.5,-25.89932811
12.2,12.8,5,26,-26.97232159
12.4,12.8,5,23,-27.39147851
12.4,12.8,5,23.5,-27.53376093
12.4,12.8,5,24,-34.63584284
12.4,12.8,5,24.5,-27.76288335
12.4,12.8,5,25,-27.57788102
12.4,12.8,5,25.5,-26.9854851
12.4,12.8,5,26,-27.03644078
12.6,12.8,5,23,-29.0872835
12.6,12.8,5,23.5,-27.9126668
12.6,12.8,5,24,-59.87401076
12.6,12.8,5,24.5,-35.19287433
12.6,12.8,5,25,-29.96222457
12.6,12.8,5,25.5,-26.77987848
12.6,12.8,5,26,-28.25684757
12.8,12.8,5,23,-52.80659604
12.8,12.8,5,23.5,-33.39897939
12.8,12.8,5,24,-50.16227127
12.8,12.8,5,24.5,-32.03705742
12.8,12.8,5,25,-30.74893056
12.8,12.8,5,25.5,-31.91096022
12.8,12.8,5,26,-35.79756168
13,12.8,5,23,-34.80444192
13,12.8,5,23.5,-53.44649414
13,12.8,5,24,-32.07400265
13,12.8,5,24.5,-34.71831141
13,12.8,5,25,-31.71773174
13,12.8,5,25.5,-35.59551161
13,12.8,5,26,-26.90106529
13.2,12.8,5,23,-34.16496159
13.2,12.8,5,23.5,-37.76768001
13.2,12.8,5,24,-64.42206626
13.2,12.8,5,24.5,-36.06110594
13.2,12.8,5,25,-35.568865
13.2,12.8,5,25.5,-29.82636723
13.2,12.8,5,26,-34.04388263
13.4,12.8,5,23,-28.48006969
13.4,12.8,5,23.5,-32.68349238
13.4,12.8,5,24,-52.90166634
13.4,12.8,5,24.5,-27.97203117
13.4,12.8,5,25,-37.28282533
13.4,12.8,5,25.5,-38.02507379
13.4,12.8,5,26,-27.4420951
13.6,12.8,5,23,-48.01778973
13.6,12.8,5,23.5,-29.92376852
13.6,12.8,5,24,-37.87034237
13.6,12.8,5,24.5,-35.82551312
13.6,12.8,5,25,-40.17671714
13.6,12.8,5,25.5,-30.83485513
13.6,12.8,5,26,-39.20443689
13.8,12.8,5,23,-48.85961581
13.8,12.8,5,23.5,-62.80994262
13.8,12.8,5,24,-28.03258899
13.8,12.8,5,24.5,-32.21199438
13.8,12.8,5,25,-33.852259
13.8,12.8,5,25.5,-28.48529895
13.8,12.8,5,26,-30.76917578
14,12.8,5,23,-46.29586201
14,12.8,5,23.5,-32.13596015
14,12.8,5,24,-37.69259604
14,12.8,5,24.5,-37.70600109
14,12.8,5,25,-34.62247493
14,12.8,5,25.5,-33.62135147
14,12.8,5,26,-30.38344256
12,13,5,23,-24.80738839
12,13,5,23.5,-18.42395667
12,13,5,24,-46.59169041
12,13,5,24.5,-26.45677759
12,13,5,25,-28.123329
12,13,5,25.5,-28.97096601
12,13,5,26,-26.34309693
12.2,13,5,23,-29.4707076
12.2,13,5,23.5,-22.55978653
12.2,13,5,24,-39.83609179
12.2,13,5,24.5,-26.44488423
12.2,13,5,25,-27.38105046
12.2,13,5,25.5,-28.8826589
12.2,13,5,26,-28.28543999
12.4,13,5,23,-26.29397716
12.4,13,5,23.5,-32.14526432
12.4,13,5,24,-55.79707124
12.4,13,5,24.5,-28.60092482
12.4,13,5,25,-26.42467975
12.4,13,5,25.5,-28.59442403
12.4,13,5,26,-32.14039799
12.6,13,5,23,-35.23576238
12.6,13,5,23.5,-26.04686367
12.6,13,5,24,-58.14022358
12.6,13,5,24.5,-29.07790441
12.6,13,5,25,-33.01728361
12.6,13,5,25.5,-27.48225355
12.6,13,5,26,-28.06362299
12.8,13,5,23,-43.89594675
12.8,13,5,23.5,-28.22794465
12.8,13,5,24,-52.44735184
12.8,13,5,24.5,-28.70846301
12.8,13,5,25,-39.1599819
12.8,13,5,25.5,-42.99644544
12.8,13,5,26,-32.41703892
13,13,5,23,-33.34690022
13,13,5,23.5,-24.80026344
13,13,5,24,-37.67736042
13,13,5,24.5,-35.78690302
13,13,5,25,-30.444931
13,13,5,25.5,-27.8073583
13,13,5,26,-58.91332383
13.2,13,5,23,-46.80632918
13.2,13,5,23.5,-53.33046989
13.2,13,5,24,-43.82216097
13.2,13,5,24.5,-30.77375111
13.2,13,5,25,-27.38499085
13.2,13,5,25.5,-36.60521525
13.2,13,5,26,-29.48293185
13.4,13,5,23,-29.0856978
13.4,13,5,23.5,-34.42371598
13.4,13,5,24,-36.76702346
13.4,13,5,24.5,-45.5758858
13.4,13,5,25,-29.39953927
13.4,13,5,25.5,-28.02385533
13.4,13,5,26,-31.70131054
13.6,13,5,23,-27.46961382
13.6,13,5,23.5,-27.88340565
13.6,13,5,24,-44.7369581
13.6,13,5,24.5,-32.97126891
13.6,13,5,25,-42.81544213
13.6,13,5,25.5,-53.89263018
13.6,13,5,26,-36.23919273
13.8,13,5,23,-28.02065819
13.8,13,5,23.5,-35.28768892
13.8,13,5,24,-38.33992206
13.8,13,5,24.5,-35.06773216
13.8,13,5,25,-31.67642894
13.8,13,5,25.5,-28.87191296
13.8,13,5,26,-28.14616859
14,13,5,23,-43.09156056
14,13,5,23.5,-27.5309998
14,13,5,24,-37.75889926
14,13,5,24.5,-30.61713346
14,13,5,25,-34.37631748
14,13,5,25.5,-31.55483968
14,13,5,26,-32.74207436
12,13.2,5,23,-23.27278123
12,13.2,5,23.5,-31.88918037
12,13.2,5,24,-54.29130684
12,13.2,5,24.5,-25.87139215
12,13.2,5,25,-25.21015464
12,13.2,5,25.5,-25.35951366
12,13.2,5,26,-28.84242845
12.2,13.2,5,23,-28.13619063
12.2,13.2,5,23.5,-28.86467064
12.2,13.2,5,24,-38.90036099
12.2,13.2,5,24.5,-24.57946223
12.2,13.2,5,25,-26.86601009
12.2,13.2,5,25.5,-25.84510637
12.2,13.2,5,26,-25.51237892
12.4,13.2,5,23,-26.49576883
12.4,13.2,5,23.5,-31.65186321
12.4,13.2,5,24,-56.14594009
12.4,13.2,5,24.5,-42.72399044
12.4,13.2,5,25,-26.83720276
12.4,13.2,5,25.5,-27.75579676
12.4,13.2,5,26,-27.54870594
12.6,13.2,5,23,-31.11166342
12.6,13.2,5,23.5,-28.29591183
12.6,13.2,5,24,-36.86782024
12.6,13.2,5,24.5,-29.03822831
12.6,13.2,5,25,-27.45386894
12.6,13.2,5,25.5,-27.34576288
12.6,13.2,5,26,-28.33799556
12.8,13.2,5,23,-30.77835315
12.8,13.2,5,23.5,-35.78582164
12.8,13.2,5,24,-45.91537888
12.8,13.2,5,24.5,-30.52631119
12.8,13.2,5,25,-30.81181673
12.8,13.2,5,25.5,-28.06221238
12.8,13.2,5,26,-28.01860051
13,13.2,5,23,-34.65670088
13,13.2,5,23.5,-36.80551439
13,13.2,5,24,-51.39580797
13,13.2,5,24.5,-28.55907057
13,13.2,5,25,-37.01544826
13,13.2,5,25.5,-29.2071405
13,13.2,5,26,-29.10880476
13.2,13.2,5,23,-22.47702211
13.2,13.2,5,23.5,-39.53878063
13.2,13.2,5,24,-43.89235384
13.2,13.2,5,24.5,-35.70948262
13.2,13.2,5,25,-28.92205269
13.2,13.2,5,25.5,-30.89750553
13.2,13.2,5,26,-33.74203262
13.4,13.2,5,23,-25.72131546
13.4,13.2,5,23.5,-20.83031829
13.4,13.2,5,24,-38.16086978
13.4,13.2,5,24.5,-30.73960691
13.4,13.2,5,25,-31.23055935
13.4,13.2,5,25.5,-30.48429411
13.4,13.2,5,26,-28.96131096
13.6,13.2,5,23,-26.7727986
13.6,13.2,5,23.5,-20.54719287
13.6,13.2,5,24,-49.31556559
13.6,13.2,5,24.5,-29.18466351
13.6,13.2,5,25,-31.21253908
13.6,13.2,5,25.5,-25.53463801
13.6,13.2,5,26,-26.22879556
13.8,13.2,5,23,-38.05278437
13.8,13.2,5,23.5,-25.45212357
13.8,13.2,5,24,-53.04274694
13.8,13.2,5,24.5,-28.92245942
13.8,13.2,5,25,-27.68819124
13.8,13.2,5,25.5,-29.53060412
13.8,13.2,5,26,-28.97851792
14,13.2,5,23,-29.7605535
14,13.2,5,23.5,-25.43337849
14,13.2,5,24,-57.42030287
14,13.2,5,24.5,-26.55488936
14,13.2,5,25,-25.41123174
14,13.2,5,25.5,-27.73989553
14,13.2,5,26,-29.85825894
12,13.4,5,23,-24.18404009
12,13.4,5,23.5,-31.00724382
12,13.4,5,24,-43.34300295
12,13.4,5,24.5,-26.34839061
12,13.4,5,25,-49.66025035
12,13.4,5,25.5,-25.37828448
12,13.4,5,26,-25.424298
12.2,13.4,5,23,-30.16491221
12.2,13.4,5,23.5,-31.29285572
12.2,13.4,5,24,-38.1836438
12.2,13.4,5,24.5,-27.37774084
12.2,13.4,5,25,-26.34136929
12.2,13.4,5,25.5,-27.9938812
12.2,13.4,5,26,-26.45506791
12.4,13.4,5,23,-26.0698514
12.4,13.4,5,23.5,-28.4161927
12.4,13.4,5,24,-34.80438669
12.4,13.4,5,24.5,-26.20558636
12.4,13.4,5,25,-26.99456462
12.4,13.4,5,25.5,-26.58429238
12.4,13.4,5,26,-28.06116431
12.6,13.4,5,23,-39.26673614
12.6,13.4,5,23.5,-29.85393831
12.6,13.4,5,24,-43.87969292
12.6,13.4,5,24.5,-27.43861156
12.6,13.4,5,25,-27.63564654
12.6,13.4,5,25.5,-27.17660112
12.6,13.4,5,26,-33.1782731
12.8,13.4,5,23,-31.1559647
12.8,13.4,5,23.5,-34.36270541
12.8,13.4,5,24,-40.11876676
12.8,13.4,5,24.5,-33.40706377
12.8,13.4,5,25,-30.15986501
12.8,13.4,5,25.5,-30.39995341
12.8,13.4,5,26,-38.62187505
13,13.4,5,23,-27.93106403
13,13.4,5,23.5,-43.79337349
13,13.4,5,24,-43.62003623
13,13.4,5,24.5,-28.32953418
13,13.4,5,25,-49.72604662
13,13.4,5,25.5,-33.04771514
13,13.4,5,26,-31.41568995
13.2,13.4,5,23,-36.56571205
13.2,13.4,5,23.5,-28.73418987
13.2,13.4,5,24,-38.2853378
13.2,13.4,5,24.5,-37.00725299
13.2,13.4,5,25,-30.82927341
13.2,13.4,5,25.5,-30.31986031
13.2,13.4,5,26,-29.69867382
13.4,13.4,5,23,-28.04182202
13.4,13.4,5,23.5,-28.29392758
13.4,13.4,5,24,-42.99165738
13.4,13.4,5,24.5,-32.06185272
13.4,13.4,5,25,-28.68921686
13.4,13.4,5,25.5,-28.90318758
13.4,13.4,5,26,-27.41521226
13.6,13.4,5,23,-23.63780578
13.6,13.4,5,23.5,-24.88614872
13.6,13.4,5,24,-58.31652046
13.6,13.4,5,24.5,-26.39904326
13.6,13.4,5,25,-27.08191702
13.6,13.4,5,25.5,-27.65045193
13.6,13.4,5,26,-34.94009888
13.8,13.4,5,23,-26.9014947
13.8,13.4,5,23.5,-30.63339738
13.8,13.4,5,24,-52.12449693
13.8,13.4,5,24.5,-27.90972384
13.8,13.4,5,25,-27.51402913
13.8,13.4,5,25.5,-26.28517308
13.8,13.4,5,26,-29.60735457
14,13.4,5,23,-31.02129613
14,13.4,5,23.5,-21.73349945
14,13.4,5,24,-42.39858528
14,13.4,5,24.5,-26.78786508
14,13.4,5,25,-26.52308126
14,13.4,5,25.5,-27.49318318
14,13.4,5,26,-25.74336262
12,13.6,5,23,-27.66201089
12,13.6,5,23.5,-23.85838228
12,13.6,5,24,-48.04888809
12,13.6,5,24.5,-26.13181653
12,13.6,5,25,-24.52421596
12,13.6,5,25.5,-27.37163522
12,13.6,5,26,-27.93692896
12.2,13.6,5,23,-44.87153155
12.2,13.6,5,23.5,-29.1559385
12.2,13.6,5,24,-38.91300909
12.2,13.6,5,24.5,-27.92989585
12.2,13.6,5,25,-27.97506828
12.2,13.6,5,25.5,-28.95551125
12.2,13.6,5,26,-28.38606843
12.4,13.6,5,23,-41.70508636
12.4,13.6,5,23.5,-29.94649492
12.4,13.6,5,24,-46.74812746
12.4,13.6,5,24.5,-28.40707938
12.4,13.6,5,25,-28.47933036
12.4,13.6,5,25.5,-28.39322904
12.4,13.6,5,26,-29.63755699
12.6,13.6,5,23,-37.22083047
12.6,13.6,5,23.5,-36.14237475
12.6,13.6,5,24,-36.84222035
12.6,13.6,5,24.5,-28.04261541
12.6,13.6,5,25,-28.85014267
12.6,13.6,5,25.5,-27.55087109
12.6,13.6,5,26,-27.37955108
12.8,13.6,5,23,-33.99936811
12.8,13.6,5,23.5,-47.37122807
12.8,13.6,5,24,-71.61409103
12.8,13.6,5,24.5,-28.31324858
12.8,13.6,5,25,-33.84081279
12.8,13.6,5,25.5,-28.45722453
12.8,13.6,5,26,-34.97370235
13,13.6,5,23,-23.4441456
13,13.6,5,23.5,-37.86322548
13,13.6,5,24,-57.5117996
13,13.6,5,24.5,-32.78936835
13,13.6,5,25,-35.20610867
13,13.6,5,25.5,-28.79671506
13,13.6,5,26,-28.81756604
13.2,13.6,5,23,-40.006133
13.2,13.6,5,23.5,-27.12766532
13.2,13.6,5,24,-40.44012546
13.2,13.6,5,24.5,-33.74382528
13.2,13.6,5,25,-31.05240142
13.2,13.6,5,25.5,-30.0290821
13.2,13.6,5,26,-28.87834828
13.4,13.6,5,23,-21.80678608
13.4,13.6,5,23.5,-30.15068688
13.4,13.6,5,24,-60.24070996
13.4,13.6,5,24.5,-31.21300441
13.4,13.6,5,25,-25.94213673
13.4,13.6,5,25.5,-29.96834574
13.4,13.6,5,26,-30.26845757
13.6,13.6,5,23,-25.8048048
13.6,13.6,5,23.5,-32.30179397
13.6,13.6,5,24,-57.54517162
13.6,13.6,5,24.5,-34.23695606
13.6,13.6,5,25,-27.56134209
13.6,13.6,5,25.5,-25.12650816
13.6,13.6,5,26,-26.8925437
13.8,13.6,5,23,-30.14890457
13.8,13.6,5,23.5,-25.56849759
13.8,13.6,5,24,-30.46787909
13.8,13.6,5,24.5,-25.74351821
13.8,13.6,5,25,-31.54718972
13.8,13.6,5,25.5,-25.3480472
13.8,13.6,5,26,-28.77929201
14,13.6,5,23,-24.50334998
14,13.6,5,23.5,-28.88159699
14,13.6,5,24,-52.50383673
14,13.6,5,24.5,-26.24523762
14,13.6,5,25,-26.19347397
14,13.6,5,25.5,-24.64172273
14,13.6,5,26,-25.03405121
12,13.8,5,23,-32.70637066
12,13.8,5,23.5,-34.625238
12,13.8,5,24,-43.30018755
12,13.8,5,24.5,-26.26957791
12,13.8,5,25,-26.82361311
12,13.8,5,25.5,-25.02478437
12,13.8,5,26,-23.53995419
12.2,13.8,5,23,-28.44287942
12.2,13.8,5,23.5,-37.3917996
12.2,13.8,5,24,-42.65085747
12.2,13.8,5,24.5,-29.90643309
12.2,13.8,5,25,-27.32839184
12.2,13.8,5,25.5,-24.90999357
12.2,13.8,5,26,-25.02872793
12.4,13.8,5,23,-35.14773864
12.4,13.8,5,23.5,-36.36223347
12.4,13.8,5,24,-40.43065335
12.4,13.8,5,24.5,-28.78277025
12.4,13.8,5,25,-28.09295954
12.4,13.8,5,25.5,-26.46620272
12.4,13.8,5,26,-32.07558787
12.6,13.8,5,23,-42.76513656
12.6,13.8,5,23.5,-46.79720949
12.6,13.8,5,24,-40.71929706
12.6,13.8,5,24.5,-28.18321407
12.6,13.8,5,25,-29.25912423
12.6,13.8,5,25.5,-32.39656909
12.6,13.8,5,26,-28.44053293
12.8,13.8,5,23,-33.04971061
12.8,13.8,5,23.5,-33.49381946
12.8,13.8,5,24,-46.8122403
12.8,13.8,5,24.5,-29.95950045
12.8,13.8,5,25,-27.0046388
12.8,13.8,5,25.5,-27.31904014
12.8,13.8,5,26,-32.20987886
13,13.8,5,23,-40.41956883
13,13.8,5,23.5,-39.21976834
13,13.8,5,24,-32.53454326
13,13.8,5,24.5,-27.39247628
13,13.8,5,25,-30.74864882
13,13.8,5,25.5,-32.37550118
13,13.8,5,26,-29.35483272
13.2,13.8,5,23,-26.18210353
13.2,13.8,5,23.5,-26.43318506
13.2,13.8,5,24,-44.91573677
13.2,13.8,5,24.5,-34.37018841
13.2,13.8,5,25,-28.21355823
13.2,13.8,5,25.5,-29.15663123
13.2,13.8,5,26,-31.48119164
13.4,13.8,5,23,-21.21163259
13.4,13.8,5,23.5,-27.22552696
13.4,13.8,5,24,-54.73298844
13.4,13.8,5,24.5,-32.10690843
13.4,13.8,5,25,-24.06364071
13.4,13.8,5,25.5,-28.32960832
13.4,13.8,5,26,-33.58469298
13.6,13.8,5,23,-30.73891338
13.6,13.8,5,23.5,-26.17957861
13.6,13.8,5,24,-40.1555545
13.6,13.8,5,24.5,-29.85058259
13.6,13.8,5,25,-29.96024226
13.6,13.8,5,25.5,-25.89515994
13.6,13.8,5,26,-25.99295117
13.8,13.8,5,23,-27.6757343
13.8,13.8,5,23.5,-25.46334789
13.8,13.8,5,24,-44.17705681
13.8,13.8,5,24.5,-25.51999528
13.8,13.8,5,25,-26.29463579
13.8,13.8,5,25.5,-24.40537109
13.8,13.8,5,26,-25.78619431
14,13.8,5,23,-24.29995565
14,13.8,5,23.5,-22.64026713
14,13.8,5,24,-44.97493651
14,13.8,5,24.5,-25.17767656
14,13.8,5,25,-24.19975773
14,13.8,5,25.5,-25.98209941
14,13.8,5,26,-28.02809969
12,14,5,23,-40.96565677
12,14,5,23.5,-27.82622999
12,14,5,24,-46.96803156
12,14,5,24.5,-27.21340412
12,14,5,25,-25.93259524
12,14,5,25.5,-25.24738722
12,14,5,26,-24.65815212
12.2,14,5,23,-30.83065205
12.2,14,5,23.5,-28.1374312
12.2,14,5,24,-35.25685078
12.2,14,5,24.5,-28.08335283
12.2,14,5,25,-26.7987763
12.2,14,5,25.5,-29.30545756
12.2,14,5,26,-24.36439603
12.4,14,5,23,-39.05777826
12.4,14,5,23.5,-53.45594799
12.4,14,5,24,-40.321418
12.4,14,5,24.5,-28.49257409
12.4,14,5,25,-34.52254492
12.4,14,5,25.5,-27.62773949
12.4,14,5,26,-30.82091217
12.6,14,5,23,-21.58377934
12.6,14,5,23.5,-41.63441012
12.6,14,5,24,-39.1585056
12.6,14,5,24.5,-29.94953122
12.6,14,5,25,-33.64234629
12.6,14,5,25.5,-28.89824824
12.6,14,5,26,-28.12156399
12.8,14,5,23,-32.33203275
12.8,14,5,23.5,-42.84060927
12.8,14,5,24,-29.40047251
12.8,14,5,24.5,-25.9305905
12.8,14,5,25,-26.5058256
12.8,14,5,25.5,-27.28281182
12.8,14,5,26,-29.49593178
13,14,5,23,-24.6009989
13,14,5,23.5,-36.57106481
13,14,5,24,-41.92124082
13,14,5,24.5,-25.92737025
13,14,5,25,-36.74006972
13,14,5,25.5,-33.54223717
13,14,5,26,-35.09203176
13.2,14,5,23,-24.37023486
13.2,14,5,23.5,-25.68956221
13.2,14,5,24,-45.49804674
13.2,14,5,24.5,-28.69443643
13.2,14,5,25,-27.20320938
13.2,14,5,25.5,-28.22751815
13.2,14,5,26,-26.36858217
13.4,14,5,23,-25.58259836
13.4,14,5,23.5,-34.39735006
13.4,14,5,24,-44.61341391
13.4,14,5,24.5,-26.62546919
13.4,14,5,25,-28.47280694
13.4,14,5,25.5,-25.16615034
13.4,14,5,26,-24.24188083
13.6,14,5,23,-23.87702347
13.6,14,5,23.5,-29.88787035
13.6,14,5,24,-42.38455998
13.6,14,5,24.5,-29.55315762
13.6,14,5,25,-26.98929385
13.6,14,5,25.5,-35.19995271
13.6,14,5,26,-25.93849573
13.8,14,5,23,-22.53496055
13.8,14,5,23.5,-27.53527267
13.8,14,5,24,-43.30220753
13.8,14,5,24.5,-23.35892164
13.8,14,5,25,-27.22657126
13.8,14,5,25.5,-25.84584954
13.8,14,5,26,-25.48901829
14,14,5,23,-21.41692429
14,14,5,23.5,-20.88725621
14,14,5,24,-51.4410205
14,14,5,24.5,-24.18880649
14,14,5,25,-24.6002779
14,14,5,25.5,-23.97835209
14,14,5,26,-24.08326598
12,12,6,23,-18.8861255
12,12,6,23.5,-19.8316462
12,12,6,24,-41.75072155
12,12,6,24.5,-25.0424902
12,12,6,25,-26.1401408
12,12,6,25.5,-24.52015142
12,12,6,26,-23.67542625
12.2,12,6,23,-21.6241953
12.2,12,6,23.5,-20.30197163
12.2,12,6,24,-41.27129001
12.2,12,6,24.5,-25.5043586
12.2,12,6,25,-24.48706832
12.2,12,6,25.5,-25.74577385
12.2,12,6,26,-24.52548588
12.4,12,6,23,-20.72457718
12.4,12,6,23.5,-28.48464502
12.4,12,6,24,-41.04483333
12.4,12,6,24.5,-25.2581009
12.4,12,6,25,-39.81696448
12.4,12,6,25.5,-29.92116422
12.4,12,6,26,-29.76662271
12.6,12,6,23,-20.47961902
12.6,12,6,23.5,-27.5754419
12.6,12,6,24,-37.84475909
12.6,12,6,24.5,-27.45416673
12.6,12,6,25,-26.94957497
12.6,12,6,25.5,-29.91257829
12.6,12,6,26,-30.61180361
12.8,12,6,23,-20.92737875
12.8,12,6,23.5,-28.14100281
12.8,12,6,24,-43.57669512
12.8,12,6,24.5,-48.47742155
12.8,12,6,25,-30.57585888
12.8,12,6,25.5,-27.59154417
12.8,12,6,26,-26.35577514
13,12,6,23,-24.48792541
13,12,6,23.5,-26.41463563
13,12,6,24,-36.50692913
13,12,6,24.5,-44.68597468
13,12,6,25,-33.67785598
13,12,6,25.5,-31.22558042
13,12,6,26,-38.94571694
13.2,12,6,23,-18.99280936
13.2,12,6,23.5,-26.49484008
13.2,12,6,24,-53.33762756
13.2,12,6,24.5,-29.3639026
13.2,12,6,25,-41.92168101
13.2,12,6,25.5,-39.73213744
13.2,12,6,26,-36.71303337
13.4,12,6,23,-26.15886755
13.4,12,6,23.5,-34.76176612
13.4,12,6,24,-48.57757096
13.4,12,6,24.5,-46.92324927
13.4,12,6,25,-44.62478752
13.4,12,6,25.5,-30.96211036
13.4,12,6,26,-36.65503257
13.6,12,6,23,-27.23302568
13.6,12,6,23.5,-26.79839689
13.6,12,6,24,-53.27963287
13.6,12,6,24.5,-41.93423211
13.6,12,6,25,-47.85488074
13.6,12,6,25.5,-40.04657795
13.6,12,6,26,-43.60365466
13.8,12,6,23,-18.9687838
13.8,12,6,23.5,-23.46617392
13.8,12,6,24,-37.6015519
13.8,12,6,24.5,-39.51417586
13.8,12,6,25,-53.85043764
13.8,12,6,25.5,-36.36970103
13.8,12,6,26,-48.73201814
14,12,6,23,-27.88587911
14,12,6,23.5,-26.77009985
14,12,6,24,-57.49896938
14,12,6,24.5,-38.67899338
14,12,6,25,-35.78611485
14,12,6,25.5,-56.69445129
14,12,6,26,-31.40203306
12,12.2,6,23,-24.17256377
12,12.2,6,23.5,-18.95674163
12,12.2,6,24,-36.51789688
12,12.2,6,24.5,-23.66610977
12,12.2,6,25,-25.06731108
12,12.2,6,25.5,-25.2565291
12,12.2,6,26,-24.62133991
12.2,12.2,6,23,-25.2693224
12.2,12.2,6,23.5,-41.23301616
12.2,12.2,6,24,-41.34402478
12.2,12.2,6,24.5,-24.67262789
12.2,12.2,6,25,-25.54557006
12.2,12.2,6,25.5,-24.68882402
12.2,12.2,6,26,-26.00702235
12.4,12.2,6,23,-24.71613468
12.4,12.2,6,23.5,-26.7086208
12.4,12.2,6,24,-33.68913067
12.4,12.2,6,24.5,-25.61655331
12.4,12.2,6,25,-26.20610789
12.4,12.2,6,25.5,-24.74925675
12.4,12.2,6,26,-24.38867713
12.6,12.2,6,23,-37.40471416
12.6,12.2,6,23.5,-29.98806349
12.6,12.2,6,24,-35.44176028
12.6,12.2,6,24.5,-28.41922888
12.6,12.2,6,25,-25.37819962
12.6,12.2,6,25.5,-34.5540874
12.6,12.2,6,26,-24.96048709
12.8,12.2,6,23,-25.85233939
12.8,12.2,6,23.5,-26.40179233
12.8,12.2,6,24,-55.23302705
12.8,12.2,6,24.5,-26.55263526
12.8,12.2,6,25,-35.41860266
12.8,12.2,6,25.5,-30.95227827
12.8,12.2,6,26,-31.71548527
13,12.2,6,23,-22.15229285
13,12.2,6,23.5,-25.09510513
13,12.2,6,24,-47.31458032
13,12.2,6,24.5,-31.80189815
13,12.2,6,25,-30.77209443
13,12.2,6,25.5,-30.7887939
13,12.2,6,26,-37.08914706
13.2,12.2,6,23,-19.11760332
13.2,12.2,6,23.5,-28.26555664
13.2,12.2,6,24,-63.05508242
13.2,12.2,6,24.5,-30.42075099
13.2,12.2,6,25,-38.77332763
13.2,12.2,6,25.5,-38.17848483
13.2,12.2,6,26,-26.21745546
13.4,12.2,6,23,-23.1654105
13.4,12.2,6,23.5,-26.94456792
13.4,12.2,6,24,-39.98062183
13.4,12.2,6,24.5,-31.3552459
13.4,12.2,6,25,-52.87795297
13.4,12.2,6,25.5,-33.07345787
13.4,12.2,6,26,-37.43057252
13.6,12.2,6,23,-28.08114827
13.6,12.2,6,23.5,-27.70149558
13.6,12.2,6,24,-42.69558206
13.6,12.2,6,24.5,-42.47889681
13.6,12.2,6,25,-33.52744134
13.6,12.2,6,25.5,-34.1968511
13.6,12.2,6,26,-33.88032219
13.8,12.2,6,23,-25.60375366
13.8,12.2,6,23.5,-27.65157838
13.8,12.2,6,24,-54.36921428
13.8,12.2,6,24.5,-34.66769126
13.8,12.2,6,25,-40.69473989
13.8,12.2,6,25.5,-34.32095124
13.8,12.2,6,26,-49.64702949
14,12.2,6,23,-22.0470637
14,12.2,6,23.5,-23.89246993
14,12.2,6,24,-41.93220105
14,12.2,6,24.5,-44.48297513
14,12.2,6,25,-37.48535331
14,12.2,6,25.5,-36.0378434
14,12.2,6,26,-54.48404133
12,12.4,6,23,-27.80273511
12,12.4,6,23.5,-17.39106134
12,12.4,6,24,-65.26694457
12,12.4,6,24.5,-15.32680017
12,12.4,6,25,-24.64215847
12,12.4,6,25.5,-29.55396545
12,12.4,6,26,-26.50962348
12.2,12.4,6,23,-24.35553596
12.2,12.4,6,23.5,-40.18455913
12.2,12.4,6,24,-47.85912143
12.2,12.4,6,24.5,-26.07160219
12.2,12.4,6,25,-25.08491142
12.2,12.4,6,25.5,-26.30867228
12.2,12.4,6,26,-25.38687266
12.4,12.4,6,23,-25.51792804
12.4,12.4,6,23.5,-31.22216914
12.4,12.4,6,24,-46.88726494
12.4,12.4,6,24.5,-26.45138847
12.4,12.4,6,25,-24.66835544
12.4,12.4,6,25.5,-26.23038083
12.4,12.4,6,26,-24.68225676
12.6,12.4,6,23,-22.12752412
12.6,12.4,6,23.5,-29.66040551
12.6,12.4,6,24,-46.7096454
12.6,12.4,6,24.5,-26.22873129
12.6,12.4,6,25,-26.3390384
12.6,12.4,6,25.5,-24.84877592
12.6,12.4,6,26,-27.18456206
12.8,12.4,6,23,-20.94376262
12.8,12.4,6,23.5,-27.33657625
12.8,12.4,6,24,-37.36719101
12.8,12.4,6,24.5,-26.72994608
12.8,12.4,6,25,-29.4049344
12.8,12.4,6,25.5,-25.40844579
12.8,12.4,6,26,-26.2724898
13,12.4,6,23,-21.70811492
13,12.4,6,23.5,-25.58743279
13,12.4,6,24,-37.84978871
13,12.4,6,24.5,-28.02454375
13,12.4,6,25,-30.49520555
13,12.4,6,25.5,-27.84931544
13,12.4,6,26,-27.34067231
13.2,12.4,6,23,-24.94064298
13.2,12.4,6,23.5,-25.20256999
13.2,12.4,6,24,-32.62476258
13.2,12.4,6,24.5,-30.13236775
13.2,12.4,6,25,-33.14398716
13.2,12.4,6,25.5,-29.10288133
13.2,12.4,6,26,-32.05842146
13.4,12.4,6,23,-24.0072556
13.4,12.4,6,23.5,-26.37776114
13.4,12.4,6,24,-49.16783986
13.4,12.4,6,24.5,-36.33523909
13.4,12.4,6,25,-28.05311259
13.4,12.4,6,25.5,-29.95515176
13.4,12.4,6,26,-34.21697485
13.6,12.4,6,23,-25.82486227
13.6,12.4,6,23.5,-26.69154605
13.6,12.4,6,24,-40.6251187
13.6,12.4,6,24.5,-30.08187227
13.6,12.4,6,25,-34.14587189
13.6,12.4,6,25.5,-29.8864482
13.6,12.4,6,26,-45.79598567
13.8,12.4,6,23,-34.32421145
13.8,12.4,6,23.5,-48.56384675
13.8,12.4,6,24,-39.27703753
13.8,12.4,6,24.5,-37.16252385
13.8,12.4,6,25,-33.1084177
13.8,12.4,6,25.5,-37.06337351
13.8,12.4,6,26,-32.1148478
14,12.4,6,23,-31.37439475
14,12.4,6,23.5,-25.93773376
14,12.4,6,24,-43.99785176
14,12.4,6,24.5,-31.27285239
14,12.4,6,25,-34.68913907
14,12.4,6,25.5,-47.8366017
14,12.4,6,26,-37.4573108
12,12.6,6,23,-23.78525454
12,12.6,6,23.5,-37.72812623
12,12.6,6,24,-43.85880877
12,12.6,6,24.5,-24.79271498
12,12.6,6,25,-23.36260469
12,12.6,6,25.5,-23.33801404
12,12.6,6,26,-25.34569816
12.2,12.6,6,23,-25.557602
12.2,12.6,6,23.5,-33.38945149
12.2,12.6,6,24,-41.37818435
12.2,12.6,6,24.5,-23.33449432
12.2,12.6,6,25,-24.87498248
12.2,12.6,6,25.5,-23.85437652
12.2,12.6,6,26,-23.56424255
12.4,12.6,6,23,-22.01992881
12.4,12.6,6,23.5,-41.86748634
12.4,12.6,6,24,-36.12529189
12.4,12.6,6,24.5,-25.15825087
12.4,12.6,6,25,-25.54431187
12.4,12.6,6,25.5,-24.59702557
12.4,12.6,6,26,-25.46720286
12.6,12.6,6,23,-28.12580081
12.6,12.6,6,23.5,-24.49753638
12.6,12.6,6,24,-47.94848056
12.6,12.6,6,24.5,-27.59112464
12.6,12.6,6,25,-24.25422591
12.6,12.6,6,25.5,-26.9159445
12.6,12.6,6,26,-26.99673617
12.8,12.6,6,23,-26.2678824
12.8,12.6,6,23.5,-24.88035085
12.8,12.6,6,24,-40.68278103
12.8,12.6,6,24.5,-25.13826285
12.8,12.6,6,25,-26.36144166
12.8,12.6,6,25.5,-24.54477822
12.8,12.6,6,26,-24.31701764
13,12.6,6,23,-23.49769701
13,12.6,6,23.5,-29.6462184
13,12.6,6,24,-52.43514432
13,12.6,6,24.5,-28.62860757
13,12.6,6,25,-24.60335094
13,12.6,6,25.5,-27.63038405
13,12.6,6,26,-26.94272533
13.2,12.6,6,23,-28.71174674
13.2,12.6,6,23.5,-32.70758447
13.2,12.6,6,24,-52.17977869
13.2,12.6,6,24.5,-29.336339
13.2,12.6,6,25,-29.45515217
13.2,12.6,6,25.5,-27.93333713
13.2,12.6,6,26,-27.13089043
13.4,12.6,6,23,-26.82728081
13.4,12.6,6,23.5,-26.91817466
13.4,12.6,6,24,-48.54537071
13.4,12.6,6,24.5,-29.13765684
13.4,12.6,6,25,-29.40776386
13.4,12.6,6,25.5,-29.76788899
13.4,12.6,6,26,-26.58389853
13.6,12.6,6,23,-27.49286536
13.6,12.6,6,23.5,-30.93136649
13.6,12.6,6,24,-40.13631514
13.6,12.6,6,24.5,-27.73282736
13.6,12.6,6,25,-32.51572177
13.6,12.6,6,25.5,-28.65090113
13.6,12.6,6,26,-33.36577155
13.8,12.6,6,23,-20.59947221
13.8,12.6,6,23.5,-43.58071647
13.8,12.6,6,24,-41.52005278
13.8,12.6,6,24.5,-32.47367753
13.8,12.6,6,25,-33.40312813
13.8,12.6,6,25.5,-27.46349201
13.8,12.6,6,26,-31.88095368
14,12.6,6,23,-26.257735
14,12.6,6,23.5,-27.61676818
14,12.6,6,24,-55.78943575
14,12.6,6,24.5,-31.68480825
14,12.6,6,25,-28.2746746
14,12.6,6,25.5,-26.20138003
14,12.6,6,26,-33.23174212
12,12.8,6,23,-25.15586873
12,12.8,6,23.5,-34.7296065
12,12.8,6,24,-45.11372704
12,12.8,6,24.5,-27.42770241
12,12.8,6,25,-23.25871115
12,12.8,6,25.5,-23.81966566
12,12.8,6,26,-24.12727526
12.2,12.8,6,23,-48.1073019
12.2,12.8,6,23.5,-35.75632534
12.2,12.8,6,24,-44.25313834
12.2,12.8,6,24.5,-22.94275473
12.2,12.8,6,25,-24.42882598
12.2,12.8,6,25.5,-25.96697036
12.2,12.8,6,26,-24.29628228
12.4,12.8,6,23,-26.24576306
12.4,12.8,6,23.5,-31.79832096
12.4,12.8,6,24,-44.63565178
12.4,12.8,6,24.5,-24.55999246
12.4,12.8,6,25,-23.77840634
12.4,12.8,6,25.5,-31.41120796
12.4,12.8,6,26,-25.17890623
12.6,12.8,6,23,-33.78660182
12.6,12.8,6,23.5,-33.36536843
12.6,12.8,6,24,-61.51936684
12.6,12.8,6,24.5,-26.69484935
12.6,12.8,6,25,-26.23627565
12.6,12.8,6,25.5,-25.1838016
12.6,12.8,6,26,-24.91463304
12.8,12.8,6,23,-25.62618748
12.8,12.8,6,23.5,-34.84857453
12.8,12.8,6,24,-42.57668494
12.8,12.8,6,24.5,-25.23792621
12.8,12.8,6,25,-28.23839658
12.8,12.8,6,25.5,-24.34951775
12.8,12.8,6,26,-26.86497069
13,12.8,6,23,-58.24233596
13,12.8,6,23.5,-33.49466638
13,12.8,6,24,-42.00759627
13,12.8,6,24.5,-28.26860384
13,12.8,6,25,-28.14622958
13,12.8,6,25.5,-27.93327122
13,12.8,6,26,-25.87368576
13.2,12.8,6,23,-25.80970721
13.2,12.8,6,23.5,-32.5164482
13.2,12.8,6,24,-41.69422821
13.2,12.8,6,24.5,-25.90567573
13.2,12.8,6,25,-30.98958968
13.2,12.8,6,25.5,-26.27402322
13.2,12.8,6,26,-26.48795789
13.4,12.8,6,23,-30.01686364
13.4,12.8,6,23.5,-43.30904474
13.4,12.8,6,24,-55.1702439
13.4,12.8,6,24.5,-28.40853105
13.4,12.8,6,25,-28.07346441
13.4,12.8,6,25.5,-31.03607807
13.4,12.8,6,26,-26.6025322
13.6,12.8,6,23,-43.11096315
13.6,12.8,6,23.5,-44.29177153
13.6,12.8,6,24,-59.40998491
13.6,12.8,6,24.5,-31.61406993
13.6,12.8,6,25,-28.09730835
13.6,12.8,6,25.5,-31.28130998
13.6,12.8,6,26,-28.32444655
13.8,12.8,6,23,-35.17116025
13.8,12.8,6,23.5,-38.92716736
13.8,12.8,6,24,-46.16804133
13.8,12.8,6,24.5,-33.17514066
13.8,12.8,6,25,-31.46135662
13.8,12.8,6,25.5,-27.24615421
13.8,12.8,6,26,-28.07846186
14,12.8,6,23,-37.02398081
14,12.8,6,23.5,-20.46961306
14,12.8,6,24,-44.31898321
14,12.8,6,24.5,-29.76722619
14,12.8,6,25,-26.79771639
14,12.8,6,25.5,-26.19045693
14,12.8,6,26,-29.10599034
12,13,6,23,-26.85364599
12,13,6,23.5,-49.80996976
12,13,6,24,-61.17687301
12,13,6,24.5,-22.8319919
12,13,6,25,-25.29739183
12,13,6,25.5,-23.78260397
12,13,6,26,-23.80158877
12.2,13,6,23,-31.18017008
12.2,13,6,23.5,-33.97678181
12.2,13,6,24,-40.81372535
12.2,13,6,24.5,-23.49682905
12.2,13,6,25,-23.96185924
12.2,13,6,25.5,-23.35134226
12.2,13,6,26,-23.96151299
12.4,13,6,23,-38.2116743
12.4,13,6,23.5,-33.33894302
12.4,13,6,24,-38.96175789
12.4,13,6,24.5,-24.46673117
12.4,13,6,25,-24.12516304
12.4,13,6,25.5,-24.01736235
12.4,13,6,26,-23.76263796
12.6,13,6,23,-29.72704449
12.6,13,6,23.5,-43.66328374
12.6,13,6,24,-40.1344789
12.6,13,6,24.5,-25.10414718
12.6,13,6,25,-25.28323381
12.6,13,6,25.5,-25.02843357
12.6,13,6,26,-25.04854843
12.8,13,6,23,-24.85292808
12.8,13,6,23.5,-34.03510966
12.8,13,6,24,-42.72095287
12.8,13,6,24.5,-24.98472878
12.8,13,6,25,-32.96874346
12.8,13,6,25.5,-24.84826191
12.8,13,6,26,-26.30771698
13,13,6,23,-30.62882045
13,13,6,23.5,-36.7189571
13,13,6,24,-43.31237592
13,13,6,24.5,-27.28147089
13,13,6,25,-27.49292582
13,13,6,25.5,-24.94218698
13,13,6,26,-25.80343928
13.2,13,6,23,-27.72715185
13.2,13,6,23.5,-36.85851055
13.2,13,6,24,-43.6996818
13.2,13,6,24.5,-32.53169739
13.2,13,6,25,-28.58048973
13.2,13,6,25.5,-27.11969191
13.2,13,6,26,-25.45390896
13.4,13,6,23,-34.98190041
13.4,13,6,23.5,-32.50782882
13.4,13,6,24,-43.18100726
13.4,13,6,24.5,-28.42679558
13.4,13,6,25,-26.37452052
13.4,13,6,25.5,-28.21033827
13.4,13,6,26,-25.09638998
13.6,13,6,23,-31.15078882
13.6,13,6,23.5,-38.82976789
13.6,13,6,24,-54.8967851
13.6,13,6,24.5,-27.60496931
13.6,13,6,25,-28.87937851
13.6,13,6,25.5,-27.9449009
13.6,13,6,26,-30.49771649
13.8,13,6,23,-30.9547925
13.8,13,6,23.5,-48.40732867
13.8,13,6,24,-39.70574816
13.8,13,6,24.5,-24.75125847
13.8,13,6,25,-29.28052888
13.8,13,6,25.5,-31.40719203
13.8,13,6,26,-27.77778675
14,13,6,23,-37.71920239
14,13,6,23.5,-35.88383478
14,13,6,24,-53.29697151
14,13,6,24.5,-30.14683936
14,13,6,25,-28.55427077
14,13,6,25.5,-28.57848256
14,13,6,26,-28.74205663
12,13.2,6,23,-34.26648335
12,13.2,6,23.5,-30.50438403
12,13.2,6,24,-37.57439377
12,13.2,6,24.5,-23.0811302
12,13.2,6,25,-23.62580441
12,13.2,6,25.5,-22.42021598
12,13.2,6,26,-24.24569502
12.2,13.2,6,23,-27.23460507
12.2,13.2,6,23.5,-44.23848742
12.2,13.2,6,24,-33.82823974
12.2,13.2,6,24.5,-23.32482266
12.2,13.2,6,25,-23.39605686
12.2,13.2,6,25.5,-22.34470026
12.2,13.2,6,26,-23.29993388
12.4,13.2,6,23,-42.4545419
12.4,13.2,6,23.5,-34.88693246
12.4,13.2,6,24,-34.38604353
12.4,13.2,6,24.5,-24.02176286
12.4,13.2,6,25,-23.35381103
12.4,13.2,6,25.5,-23.80516092
12.4,13.2,6,26,-22.78793124
12.6,13.2,6,23,-36.87779636
12.6,13.2,6,23.5,-30.3366546
12.6,13.2,6,24,-41.18325311
12.6,13.2,6,24.5,-24.6816368
12.6,13.2,6,25,-24.90190525
12.6,13.2,6,25.5,-24.20726936
12.6,13.2,6,26,-23.75512414
12.8,13.2,6,23,-36.28201044
12.8,13.2,6,23.5,-43.14593534
12.8,13.2,6,24,-40.4758595
12.8,13.2,6,24.5,-25.65829311
12.8,13.2,6,25,-30.81376644
12.8,13.2,6,25.5,-25.2068271
12.8,13.2,6,26,-25.97602995
13,13.2,6,23,-41.97433764
13,13.2,6,23.5,-33.13431248
13,13.2,6,24,-43.75701303
13,13.2,6,24.5,-28.75647902
13,13.2,6,25,-27.13474776
13,13.2,6,25.5,-25.89778409
13,13.2,6,26,-28.97581877
13.2,13.2,6,23,-33.48488512
13.2,13.2,6,23.5,-46.04959418
13.2,13.2,6,24,-38.46044857
13.2,13.2,6,24.5,-28.96730589
13.2,13.2,6,25,-24.67388423
13.2,13.2,6,25.5,-29.83685139
13.2,13.2,6,26,-27.92325785
13.4,13.2,6,23,-33.34685287
13.4,13.2,6,23.5,-33.86184771
13.4,13.2,6,24,-45.66540087
13.4,13.2,6,24.5,-27.17514288
13.4,13.2,6,25,-24.24923179
13.4,13.2,6,25.5,-30.01514094
13.4,13.2,6,26,-27.34504349
13.6,13.2,6,23,-36.23425638
13.6,13.2,6,23.5,-34.24052578
13.6,13.2,6,24,-45.07104532
13.6,13.2,6,24.5,-27.75773658
13.6,13.2,6,25,-27.81597986
13.6,13.2,6,25.5,-28.24428005
13.6,13.2,6,26,-25.57769126
13.8,13.2,6,23,-36.02814138
13.8,13.2,6,23.5,-45.2125054
13.8,13.2,6,24,-56.81125241
13.8,13.2,6,24.5,-25.19753265
13.8,13.2,6,25,-27.32280642
13.8,13.2,6,25.5,-28.63671633
13.8,13.2,6,26,-30.55073208
14,13.2,6,23,-48.6051641
14,13.2,6,23.5,-32.93727719
14,13.2,6,24,-56.64803239
14,13.2,6,24.5,-27.41392124
14,13.2,6,25,-25.90037939
14,13.2,6,25.5,-30.9014672
14,13.2,6,26,-29.26309672
12,13.4,6,23,-37.63822336
12,13.4,6,23.5,-36.23406707
12,13.4,6,24,-36.30057782
12,13.4,6,24.5,-22.9173932
12,13.4,6,25,-22.54948875
12,13.4,6,25.5,-24.03982165
12,13.4,6,26,-23.36136143
12.2,13.4,6,23,-29.51148983
12.2,13.4,6,23.5,-34.97361588
12.2,13.4,6,24,-40.6071983
12.2,13.4,6,24.5,-24.2229911
12.2,13.4,6,25,-22.86159606
12.2,13.4,6,25.5,-23.70635297
12.2,13.4,6,26,-23.10781929
12.4,13.4,6,23,-38.63717775
12.4,13.4,6,23.5,-37.52215845
12.4,13.4,6,24,-38.36201677
12.4,13.4,6,24.5,-28.16708514
12.4,13.4,6,25,-24.0798856
12.4,13.4,6,25.5,-23.09363849
12.4,13.4,6,26,-22.77530679
12.6,13.4,6,23,-28.02107613
12.6,13.4,6,23.5,-34.63494633
12.6,13.4,6,24,-34.05157144
12.6,13.4,6,24.5,-24.10585156
12.6,13.4,6,25,-26.95808362
12.6,13.4,6,25.5,-26.25431255
12.6,13.4,6,26,-24.36579883
12.8,13.4,6,23,-30.45639007
12.8,13.4,6,23.5,-23.55887798
12.8,13.4,6,24,-52.3705925
12.8,13.4,6,24.5,-27.2569686
12.8,13.4,6,25,-25.80690281
12.8,13.4,6,25.5,-26.90901269
12.8,13.4,6,26,-23.52109153
13,13.4,6,23,-33.98779279
13,13.4,6,23.5,-33.4739228
13,13.4,6,24,-42.20802885
13,13.4,6,24.5,-27.27281439
13,13.4,6,25,-27.88782669
13,13.4,6,25.5,-27.85406987
13,13.4,6,26,-27.09136237
13.2,13.4,6,23,-34.5470775
13.2,13.4,6,23.5,-31.60089629
13.2,13.4,6,24,-46.2666699
13.2,13.4,6,24.5,-28.03949831
13.2,13.4,6,25,-27.63776346
13.2,13.4,6,25.5,-25.2788789
13.2,13.4,6,26,-24.64873832
13.4,13.4,6,23,-39.10853765
13.4,13.4,6,23.5,-38.34056162
13.4,13.4,6,24,-44.83165229
13.4,13.4,6,24.5,-27.41298563
13.4,13.4,6,25,-24.80476181
13.4,13.4,6,25.5,-25.97379662
13.4,13.4,6,26,-26.71163114
13.6,13.4,6,23,-39.59091325
13.6,13.4,6,23.5,-37.34481153
13.6,13.4,6,24,-45.37015746
13.6,13.4,6,24.5,-30.83257535
13.6,13.4,6,25,-25.66776189
13.6,13.4,6,25.5,-27.03773334
13.6,13.4,6,26,-28.46972373
13.8,13.4,6,23,-32.35679681
13.8,13.4,6,23.5,-33.98045504
13.8,13.4,6,24,-40.406025
13.8,13.4,6,24.5,-25.40671309
13.8,13.4,6,25,-27.12594614
13.8,13.4,6,25.5,-25.26405492
13.8,13.4,6,26,-50.88299539
14,13.4,6,23,-45.76142016
14,13.4,6,23.5,-42.30741583
14,13.4,6,24,-69.18948576
14,13.4,6,24.5,-24.08222309
14,13.4,6,25,-26.58783165
14,13.4,6,25.5,-24.80894165
14,13.4,6,26,-27.08893832
12,13.6,6,23,-24.84987795
12,13.6,6,23.5,-41.90313277
12,13.6,6,24,-35.81586588
12,13.6,6,24.5,-22.8205705
12,13.6,6,25,-24.57722144
12,13.6,6,25.5,-22.94268572
12,13.6,6,26,-23.68366995
12.2,13.6,6,23,-37.85447024
12.2,13.6,6,23.5,-32.91255607
12.2,13.6,6,24,-53.08648445
12.2,13.6,6,24.5,-23.43435767
12.2,13.6,6,25,-23.62620649
12.2,13.6,6,25.5,-24.76081638
12.2,13.6,6,26,-22.31338494
12.4,13.6,6,23,-65.869134
12.4,13.6,6,23.5,-42.01173547
12.4,13.6,6,24,-45.01799601
12.4,13.6,6,24.5,-25.77145103
12.4,13.6,6,25,-24.17843841
12.4,13.6,6,25.5,-25.08954657
12.4,13.6,6,26,-25.41861746
12.6,13.6,6,23,-31.10530198
12.6,13.6,6,23.5,-37.53441455
12.6,13.6,6,24,-34.93743567
12.6,13.6,6,24.5,-24.89803143
12.6,13.6,6,25,-22.61213767
12.6,13.6,6,25.5,-24.86782628
12.6,13.6,6,26,-24.56086881
12.8,13.6,6,23,-33.42956316
12.8,13.6,6,23.5,-39.60456838
12.8,13.6,6,24,-52.23166536
12.8,13.6,6,24.5,-26.28111275
12.8,13.6,6,25,-24.14773869
12.8,13.6,6,25.5,-26.44475651
12.8,13.6,6,26,-24.36480115
13,13.6,6,23,-26.64628848
13,13.6,6,23.5,-42.33456801
13,13.6,6,24,-39.86531254
13,13.6,6,24.5,-25.64396365
13,13.6,6,25,-27.73758681
13,13.6,6,25.5,-27.97996958
13,13.6,6,26,-24.87321285
13.2,13.6,6,23,-27.68498043
13.2,13.6,6,23.5,-35.94439363
13.2,13.6,6,24,-51.88935484
13.2,13.6,6,24.5,-30.3643629
13.2,13.6,6,25,-27.85222358
13.2,13.6,6,25.5,-27.06491026
13.2,13.6,6,26,-27.72424329
13.4,13.6,6,23,-28.0339659
13.4,13.6,6,23.5,-32.44382163
13.4,13.6,6,24,-45.08564149
13.4,13.6,6,24.5,-29.17787279
13.4,13.6,6,25,-24.99586871
13.4,13.6,6,25.5,-26.69267649
13.4,13.6,6,26,-27.94672593
13.6,13.6,6,23,-39.24411777
13.6,13.6,6,23.5,-28.0787422
13.6,13.6,6,24,-39.18904006
13.6,13.6,6,24.5,-27.54053076
13.6,13.6,6,25,-25.44339169
13.6,13.6,6,25.5,-23.70086356
13.6,13.6,6,26,-24.55637912
13.8,13.6,6,23,-49.57825544
13.8,13.6,6,23.5,-43.20122151
13.8,13.6,6,24,-54.75462794
13.8,13.6,6,24.5,-36.24191295
13.8,13.6,6,25,-30.51137657
13.8,13.6,6,25.5,-23.89152384
13.8,13.6,6,26,-24.69579802
14,13.6,6,23,-29.11334926
14,13.6,6,23.5,-28.19194009
14,13.6,6,24,-36.92141807
14,13.6,6,24.5,-33.32765168
14,13.6,6,25,-26.2836745
14,13.6,6,25.5,-30.37178711
14,13.6,6,26,-26.24564924
12,13.8,6,23,-24.60266099
12,13.8,6,23.5,-43.49907244
12,13.8,6,24,-30.43318674
12,13.8,6,24.5,-22.95965961
12,13.8,6,25,-22.06631637
12,13.8,6,25.5,-23.05305603
12,13.8,6,26,-22.13264839
12.2,13.8,6,23,-28.35235007
12.2,13.8,6,23.5,-31.83518206
12.2,13.8,6,24,-46.87661969
12.2,13.8,6,24.5,-22.41636638
12.2,13.8,6,25,-22.80394325
12.2,13.8,6,25.5,-24.90872413
12.2,13.8,6,26,-25.9767859
12.4,13.8,6,23,-58.07573803
12.4,13.8,6,23.5,-46.90996184
12.4,13.8,6,24,-33.25172241
12.4,13.8,6,24.5,-24.40353607
12.4,13.8,6,25,-24.26083597
12.4,13.8,6,25.5,-25.90078235
12.4,13.8,6,26,-22.81736416
12.6,13.8,6,23,-36.01848587
12.6,13.8,6,23.5,-34.46694202
12.6,13.8,6,24,-32.11104406
12.6,13.8,6,24.5,-25.23633873
12.6,13.8,6,25,-23.91471353
12.6,13.8,6,25.5,-25.61383115
12.6,13.8,6,26,-25.60426412
12.8,13.8,6,23,-32.19876846
12.8,13.8,6,23.5,-46.12717414
12.8,13.8,6,24,-52.33287874
12.8,13.8,6,24.5,-27.95969734
12.8,13.8,6,25,-25.24923233
12.8,13.8,6,25.5,-28.69595309
12.8,13.8,6,26,-26.71211338
13,13.8,6,23,-51.79652764
13,13.8,6,23.5,-48.25685662
13,13.8,6,24,-39.93056233
13,13.8,6,24.5,-26.84591445
13,13.8,6,25,-28.70556398
13,13.8,6,25.5,-23.72562204
13,13.8,6,26,-27.50405219
13.2,13.8,6,23,-54.64143598
13.2,13.8,6,23.5,-38.7234387
13.2,13.8,6,24,-39.79989994
13.2,13.8,6,24.5,-27.54706332
13.2,13.8,6,25,-25.87905483
13.2,13.8,6,25.5,-27.40117233
13.2,13.8,6,26,-25.37229187
13.4,13.8,6,23,-34.94595059
13.4,13.8,6,23.5,-35.3157922
13.4,13.8,6,24,-44.13069471
13.4,13.8,6,24.5,-26.98614074
13.4,13.8,6,25,-24.43707498
13.4,13.8,6,25.5,-25.66770657
13.4,13.8,6,26,-25.14068556
13.6,13.8,6,23,-35.68826587
13.6,13.8,6,23.5,-28.8892001
13.6,13.8,6,24,-55.55508921
13.6,13.8,6,24.5,-23.97613936
13.6,13.8,6,25,-23.38346347
13.6,13.8,6,25.5,-26.7989981
13.6,13.8,6,26,-23.099643
13.8,13.8,6,23,-29.31265025
13.8,13.8,6,23.5,-32.31827955
13.8,13.8,6,24,-41.93858149
13.8,13.8,6,24.5,-25.4387786
13.8,13.8,6,25,-23.89481996
13.8,13.8,6,25.5,-23.82461025
13.8,13.8,6,26,-25.99109509
14,13.8,6,23,-29.18750272
14,13.8,6,23.5,-39.49029933
14,13.8,6,24,-39.02014736
14,13.8,6,24.5,-25.18603521
14,13.8,6,25,-26.11154237
14,13.8,6,25.5,-26.6494797
14,13.8,6,26,-25.42320377
12,14,6,23,-26.90533747
12,14,6,23.5,-35.48942314
12,14,6,24,-44.69862861
12,14,6,24.5,-22.339831
12,14,6,25,-22.559314
12,14,6,25.5,-21.65144854
12,14,6,26,-22.55083641
12.2,14,6,23,-33.68166209
12.2,14,6,23.5,-44.5529116
12.2,14,6,24,-40.60111697
12.2,14,6,24.5,-24.39270573
12.2,14,6,25,-23.05731269
12.2,14,6,25.5,-22.98302
12.2,14,6,26,-23.99583016
12.4,14,6,23,-31.26910001
12.4,14,6,23.5,-37.30693085
12.4,14,6,24,-48.74521363
12.4,14,6,24.5,-23.3667949
12.4,14,6,25,-22.97759235
12.4,14,6,25.5,-22.93833472
12.4,14,6,26,-22.7334031
12.6,14,6,23,-29.64740146
12.6,14,6,23.5,-29.45566854
12.6,14,6,24,-32.70737826
12.6,14,6,24.5,-22.58072167
12.6,14,6,25,-23.89769479
12.6,14,6,25.5,-22.35303534
12.6,14,6,26,-25.34792772
12.8,14,6,23,-30.68188326
12.8,14,6,23.5,-48.62708975
12.8,14,6,24,-45.47989465
12.8,14,6,24.5,-24.58837826
12.8,14,6,25,-26.22593941
12.8,14,6,25.5,-25.08083677
12.8,14,6,26,-23.22847489
13,14,6,23,-37.67882386
13,14,6,23.5,-42.20300966
13,14,6,24,-51.24913735
13,14,6,24.5,-27.65403948
13,14,6,25,-26.03762392
13,14,6,25.5,-25.30134187
13,14,6,26,-27.76971058
13.2,14,6,23,-34.55606352
13.2,14,6,23.5,-34.02908938
13.2,14,6,24,-37.9841392
13.2,14,6,24.5,-26.39757822
13.2,14,6,25,-29.34510948
13.2,14,6,25.5,-26.97123271
13.2,14,6,26,-26.4400973
13.4,14,6,23,-28.93050724
13.4,14,6,23.5,-36.34043544
13.4,14,6,24,-50.68658776
13.4,14,6,24.5,-35.67272836
13.4,14,6,25,-25.59469142
13.4,14,6,25.5,-26.09772912
13.4,14,6,26,-27.92101009
13.6,14,6,23,-33.70687542
13.6,14,6,23.5,-47.3254797
13.6,14,6,24,-38.42658546
13.6,14,6,24.5,-23.45884004
13.6,14,6,25,-24.59187171
13.6,14,6,25.5,-24.38929882
13.6,14,6,26,-25.87086008
13.8,14,6,23,-28.45556984
13.8,14,6,23.5,-38.88221181
13.8,14,6,24,-34.99834239
13.8,14,6,24.5,-26.9047662
13.8,14,6,25,-23.54080403
13.8,14,6,25.5,-25.40319486
13.8,14,6,26,-38.66618522
14,14,6,23,-28.11771916
14,14,6,23.5,-27.1924683
14,14,6,24,-41.7582395
14,14,6,24.5,-23.67190694
14,14,6,25,-24.14103744
14,14,6,25.5,-25.92352879
14,14,6,26,-23.8014984
12,12,7,23,-24.75176081
12,12,7,23.5,-52.93897141
12,12,7,24,-51.68757011
12,12,7,24.5,-23.4051182
12,12,7,25,-24.20875766
12,12,7,25.5,-24.27250372
12,12,7,26,-23.8166769
12.2,12,7,23,-17.95041668
12.2,12,7,23.5,-28.25048329
12.2,12,7,24,-54.00766242
12.2,12,7,24.5,-26.19390992
12.2,12,7,25,-24.77934411
12.2,12,7,25.5,-24.24069818
12.2,12,7,26,-22.43729653
12.4,12,7,23,-26.02010716
12.4,12,7,23.5,-29.67875711
12.4,12,7,24,-50.87314132
12.4,12,7,24.5,-25.65114632
12.4,12,7,25,-23.62446481
12.4,12,7,25.5,-25.26393226
12.4,12,7,26,-24.1927767
12.6,12,7,23,-22.49643202
12.6,12,7,23.5,-37.11943717
12.6,12,7,24,-40.77200982
12.6,12,7,24.5,-24.5046962
12.6,12,7,25,-25.41009936
12.6,12,7,25.5,-26.06158883
12.6,12,7,26,-23.87568262
12.8,12,7,23,-20.05951128
12.8,12,7,23.5,-26.60783641
12.8,12,7,24,-33.32148711
12.8,12,7,24.5,-30.43832672
12.8,12,7,25,-25.25640221
12.8,12,7,25.5,-24.71701823
12.8,12,7,26,-26.62023209
13,12,7,23,-33.95023211
13,12,7,23.5,-26.74431832
13,12,7,24,-42.12591375
13,12,7,24.5,-29.91802447
13,12,7,25,-29.42706318
13,12,7,25.5,-30.92202166
13,12,7,26,-30.78440657
13.2,12,7,23,-21.6193833
13.2,12,7,23.5,-27.81229097
13.2,12,7,24,-59.33914357
13.2,12,7,24.5,-31.44907795
13.2,12,7,25,-30.08554484
13.2,12,7,25.5,-35.38456184
13.2,12,7,26,-34.69298267
13.4,12,7,23,-30.46100938
13.4,12,7,23.5,-25.75590915
13.4,12,7,24,-35.24964047
13.4,12,7,24.5,-40.79977745
13.4,12,7,25,-46.03798097
13.4,12,7,25.5,-43.50263227
13.4,12,7,26,-33.09483895
13.6,12,7,23,-23.95334347
13.6,12,7,23.5,-33.75476241
13.6,12,7,24,-59.33854625
13.6,12,7,24.5,-31.89091127
13.6,12,7,25,-50.9628862
13.6,12,7,25.5,-27.72532413
13.6,12,7,26,-34.56629819
13.8,12,7,23,-26.0919954
13.8,12,7,23.5,-25.12387148
13.8,12,7,24,-38.15859154
13.8,12,7,24.5,-37.49001425
13.8,12,7,25,-49.58673944
13.8,12,7,25.5,-39.83368413
13.8,12,7,26,-38.59672428
14,12,7,23,-19.91169662
14,12,7,23.5,-26.75135739
14,12,7,24,-58.14226097
14,12,7,24.5,-55.53187314
14,12,7,25,-36.96668231
14,12,7,25.5,-36.28315188
14,12,7,26,-47.39105393
12,12.2,7,23,-31.10128369
12,12.2,7,23.5,-51.73272102
12,12.2,7,24,-52.89459433
12,12.2,7,24.5,-24.20719908
12,12.2,7,25,-24.16792833
12,12.2,7,25.5,-23.79712898
12,12.2,7,26,-22.79421368
12.2,12.2,7,23,-27.9328616
12.2,12.2,7,23.5,-24.98848776
12.2,12.2,7,24,-35.48852247
12.2,12.2,7,24.5,-22.73934304
12.2,12.2,7,25,-23.0237559
12.2,12.2,7,25.5,-23.39797213
12.2,12.2,7,26,-22.87875171
12.4,12.2,7,23,-29.5220043
12.4,12.2,7,23.5,-32.08521232
12.4,12.2,7,24,-51.72372362
12.4,12.2,7,24.5,-24.864188
12.4,12.2,7,25,-23.45559627
12.4,12.2,7,25.5,-23.88383312
12.4,12.2,7,26,-23.26564409
12.6,12.2,7,23,-21.31637753
12.6,12.2,7,23.5,-30.51969305
12.6,12.2,7,24,-40.30345156
12.6,12.2,7,24.5,-24.2829946
12.6,12.2,7,25,-23.01518499
12.6,12.2,7,25.5,-23.92066804
12.6,12.2,7,26,-24.52021053
12.8,12.2,7,23,-21.06018816
12.8,12.2,7,23.5,-25.49362715
12.8,12.2,7,24,-33.12525551
12.8,12.2,7,24.5,-24.94930919
12.8,12.2,7,25,-25.19652546
12.8,12.2,7,25.5,-26.84922652
12.8,12.2,7,26,-24.007791
13,12.2,7,23,-24.33365776
13,12.2,7,23.5,-27.53127199
13,12.2,7,24,-35.84101216
13,12.2,7,24.5,-24.98717512
13,12.2,7,25,-24.96693745
13,12.2,7,25.5,-27.42956013
13,12.2,7,26,-25.56545403
13.2,12.2,7,23,-23.50480246
13.2,12.2,7,23.5,-29.22337794
13.2,12.2,7,24,-41.11112292
13.2,12.2,7,24.5,-29.21952862
13.2,12.2,7,25,-30.08706428
13.2,12.2,7,25.5,-26.36892284
13.2,12.2,7,26,-28.6606233
13.4,12.2,7,23,-20.34461123
13.4,12.2,7,23.5,-23.72978735
13.4,12.2,7,24,-32.23768641
13.4,12.2,7,24.5,-28.51743558
13.4,12.2,7,25,-26.99936053
13.4,12.2,7,25.5,-28.81098289
13.4,12.2,7,26,-26.36276448
13.6,12.2,7,23,-23.62573913
13.6,12.2,7,23.5,-27.55783493
13.6,12.2,7,24,-40.16201676
13.6,12.2,7,24.5,-30.71533035
13.6,12.2,7,25,-27.47238966
13.6,12.2,7,25.5,-31.44575921
13.6,12.2,7,26,-44.99087746
13.8,12.2,7,23,-25.19738427
13.8,12.2,7,23.5,-29.55896577
13.8,12.2,7,24,-41.91780612
13.8,12.2,7,24.5,-47.90999876
13.8,12.2,7,25,-32.06694072
13.8,12.2,7,25.5,-33.79942619
13.8,12.2,7,26,-39.74467984
14,12.2,7,23,-18.87635688
14,12.2,7,23.5,-25.83940184
14,12.2,7,24,-46.33084664
14,12.2,7,24.5,-58.52168811
14,12.2,7,25,-37.34339058
14,12.2,7,25.5,-42.57429877
14,12.2,7,26,-35.75220565
12,12.4,7,23,-29.52547735
12,12.4,7,23.5,-39.41618595
12,12.4,7,24,-34.09163304
12,12.4,7,24.5,-22.18368483
12,12.4,7,25,-23.07799598
12,12.4,7,25.5,-23.15086071
12,12.4,7,26,-23.87399681
12.2,12.4,7,23,-32.30808287
12.2,12.4,7,23.5,-34.16373277
12.2,12.4,7,24,-31.09989688
12.2,12.4,7,24.5,-23.03944511
12.2,12.4,7,25,-23.54531103
12.2,12.4,7,25.5,-23.57875048
12.2,12.4,7,26,-22.58445409
12.4,12.4,7,23,-24.84239719
12.4,12.4,7,23.5,-31.38537776
12.4,12.4,7,24,-39.74705281
12.4,12.4,7,24.5,-23.28507281
12.4,12.4,7,25,-22.8864805
12.4,12.4,7,25.5,-22.73578674
12.4,12.4,7,26,-27.138736
12.6,12.4,7,23,-25.80080292
12.6,12.4,7,23.5,-30.29598684
12.6,12.4,7,24,-42.10294022
12.6,12.4,7,24.5,-23.43556114
12.6,12.4,7,25,-24.17432689
12.6,12.4,7,25.5,-26.78437161
12.6,12.4,7,26,-24.01749042
12.8,12.4,7,23,-20.95327261
12.8,12.4,7,23.5,-30.36528063
12.8,12.4,7,24,-47.7482354
12.8,12.4,7,24.5,-24.29626433
12.8,12.4,7,25,-25.82813426
12.8,12.4,7,25.5,-24.02714422
12.8,12.4,7,26,-26.65823958
13,12.4,7,23,-29.37717905
13,12.4,7,23.5,-29.40952867
13,12.4,7,24,-54.08450408
13,12.4,7,24.5,-25.25757271
13,12.4,7,25,-24.75421454
13,12.4,7,25.5,-24.84186226
13,12.4,7,26,-23.38793503
13.2,12.4,7,23,-24.50116548
13.2,12.4,7,23.5,-30.18743424
13.2,12.4,7,24,-40.14014135
13.2,12.4,7,24.5,-27.66499013
13.2,12.4,7,25,-26.67462263
13.2,12.4,7,25.5,-28.78785038
13.2,12.4,7,26,-32.24728832
13.4,12.4,7,23,-22.62929322
13.4,12.4,7,23.5,-24.71386791
13.4,12.4,7,24,-55.85474043
13.4,12.4,7,24.5,-27.85756866
13.4,12.4,7,25,-27.69545187
13.4,12.4,7,25.5,-29.65773825
13.4,12.4,7,26,-27.34444034
13.6,12.4,7,23,-30.50756789
13.6,12.4,7,23.5,-25.207486
13.6,12.4,7,24,-42.47939852
13.6,12.4,7,24.5,-32.85572316
13.6,12.4,7,25,-26.19624395
13.6,12.4,7,25.5,-30.57244463
13.6,12.4,7,26,-33.0937654
13.8,12.4,7,23,-21.05181086
13.8,12.4,7,23.5,-29.50772499
13.8,12.4,7,24,-59.37302148
13.8,12.4,7,24.5,-36.48766019
13.8,12.4,7,25,-35.75062411
13.8,12.4,7,25.5,-30.99034243
13.8,12.4,7,26,-29.56074479
14,12.4,7,23,-26.69531282
14,12.4,7,23.5,-21.55905117
14,12.4,7,24,-36.51503429
14,12.4,7,24.5,-34.1247323
14,12.4,7,25,-34.14960858
14,12.4,7,25.5,-36.43669048
14,12.4,7,26,-30.30093369
12,12.6,7,23,-49.48743136
12,12.6,7,23.5,-28.90739121
12,12.6,7,24,-46.81415628
12,12.6,7,24.5,-21.94094724
12,12.6,7,25,-22.91749078
12,12.6,7,25.5,-23.67131295
12,12.6,7,26,-22.51216825
12.2,12.6,7,23,-44.58343967
12.2,12.6,7,23.5,-35.37880622
12.2,12.6,7,24,-37.01292615
12.2,12.6,7,24.5,-23.62103891
12.2,12.6,7,25,-22.44951509
12.2,12.6,7,25.5,-23.43640993
12.2,12.6,7,26,-23.1844768
12.4,12.6,7,23,-35.89642579
12.4,12.6,7,23.5,-53.68197173
12.4,12.6,7,24,-35.68533241
12.4,12.6,7,24.5,-24.85369209
12.4,12.6,7,25,-24.31431708
12.4,12.6,7,25.5,-22.25838086
12.4,12.6,7,26,-23.30812373
12.6,12.6,7,23,-43.02515327
12.6,12.6,7,23.5,-33.86129794
12.6,12.6,7,24,-62.91536541
12.6,12.6,7,24.5,-25.36062454
12.6,12.6,7,25,-22.65670124
12.6,12.6,7,25.5,-23.62006153
12.6,12.6,7,26,-24.2445171
12.8,12.6,7,23,-29.17558473
12.8,12.6,7,23.5,-26.85954314
12.8,12.6,7,24,-59.07239655
12.8,12.6,7,24.5,-23.34513942
12.8,12.6,7,25,-22.90069831
12.8,12.6,7,25.5,-24.19033745
12.8,12.6,7,26,-24.3075314
13,12.6,7,23,-43.13087034
13,12.6,7,23.5,-26.77015023
13,12.6,7,24,-36.48309851
13,12.6,7,24.5,-27.10152326
13,12.6,7,25,-26.04638168
13,12.6,7,25.5,-25.75439685
13,12.6,7,26,-26.82565248
13.2,12.6,7,23,-26.86650297
13.2,12.6,7,23.5,-33.31248803
13.2,12.6,7,24,-41.28704699
13.2,12.6,7,24.5,-24.01494854
13.2,12.6,7,25,-26.83824848
13.2,12.6,7,25.5,-24.03509557
13.2,12.6,7,26,-24.7279147
13.4,12.6,7,23,-29.69239604
13.4,12.6,7,23.5,-51.19910405
13.4,12.6,7,24,-52.80316998
13.4,12.6,7,24.5,-31.28719068
13.4,12.6,7,25,-24.8760508
13.4,12.6,7,25.5,-26.35641253
13.4,12.6,7,26,-27.29226339
13.6,12.6,7,23,-30.85832958
13.6,12.6,7,23.5,-29.35655557
13.6,12.6,7,24,-38.89699845
13.6,12.6,7,24.5,-25.94375301
13.6,12.6,7,25,-27.27537769
13.6,12.6,7,25.5,-29.02542883
13.6,12.6,7,26,-26.64991852
13.8,12.6,7,23,-26.14167885
13.8,12.6,7,23.5,-28.71085763
13.8,12.6,7,24,-68.71711369
13.8,12.6,7,24.5,-27.48514197
13.8,12.6,7,25,-26.00898375
13.8,12.6,7,25.5,-24.43404021
13.8,12.6,7,26,-30.02959371
14,12.6,7,23,-29.54503927
14,12.6,7,23.5,-28.36041462
14,12.6,7,24,-41.35906848
14,12.6,7,24.5,-27.08007878
14,12.6,7,25,-31.57825492
14,12.6,7,25.5,-28.11505756
14,12.6,7,26,-30.92139179
12,12.8,7,23,-26.00934644
12,12.8,7,23.5,-38.44625599
12,12.8,7,24,-41.14793402
12,12.8,7,24.5,-23.12733209
12,12.8,7,25,-23.99391853
12,12.8,7,25.5,-22.19906224
12,12.8,7,26,-22.29303105
12.2,12.8,7,23,-39.10046671
12.2,12.8,7,23.5,-34.4710835
12.2,12.8,7,24,-39.80987696
12.2,12.8,7,24.5,-22.17666941
12.2,12.8,7,25,-22.75049007
12.2,12.8,7,25.5,-21.99472486
12.2,12.8,7,26,-23.909988
12.4,12.8,7,23,-36.83486869
12.4,12.8,7,23.5,-36.62149865
12.4,12.8,7,24,-40.41457639
12.4,12.8,7,24.5,-23.90752316
12.4,12.8,7,25,-22.82996321
12.4,12.8,7,25.5,-22.69075126
12.4,12.8,7,26,-23.77198568
12.6,12.8,7,23,-50.44814147
12.6,12.8,7,23.5,-35.56113486
12.6,12.8,7,24,-37.3122226
12.6,12.8,7,24.5,-22.16196987
12.6,12.8,7,25,-22.23828027
12.6,12.8,7,25.5,-23.55147345
12.6,12.8,7,26,-22.74483521
12.8,12.8,7,23,-53.04989969
12.8,12.8,7,23.5,-38.10014068
12.8,12.8,7,24,-53.75937242
12.8,12.8,7,24.5,-24.39096642
12.8,12.8,7,25,-24.08755167
12.8,12.8,7,25.5,-23.9258239
12.8,12.8,7,26,-23.44679667
13,12.8,7,23,-38.16679518
13,12.8,7,23.5,-29.71128147
13,12.8,7,24,-39.958969
13,12.8,7,24.5,-23.17673805
13,12.8,7,25,-24.75837883
13,12.8,7,25.5,-24.14071759
13,12.8,7,26,-24.772803
13.2,12.8,7,23,-29.57583257
13.2,12.8,7,23.5,-41.06158681
13.2,12.8,7,24,-40.53285844
13.2,12.8,7,24.5,-24.96109969
13.2,12.8,7,25,-22.72570939
13.2,12.8,7,25.5,-25.88116422
13.2,12.8,7,26,-26.29984289
13.4,12.8,7,23,-41.18856868
13.4,12.8,7,23.5,-40.63223732
13.4,12.8,7,24,-41.20781402
13.4,12.8,7,24.5,-24.81136393
13.4,12.8,7,25,-26.286931
13.4,12.8,7,25.5,-25.83071436
13.4,12.8,7,26,-24.60575042
13.6,12.8,7,23,-30.49455309
13.6,12.8,7,23.5,-31.55553275
13.6,12.8,7,24,-58.8656568
13.6,12.8,7,24.5,-27.50330362
13.6,12.8,7,25,-26.33076796
13.6,12.8,7,25.5,-27.50233546
13.6,12.8,7,26,-25.50115938
13.8,12.8,7,23,-30.07412159
13.8,12.8,7,23.5,-38.04588199
13.8,12.8,7,24,-54.93884477
13.8,12.8,7,24.5,-25.96123352
13.8,12.8,7,25,-29.0691926
13.8,12.8,7,25.5,-54.86432505
13.8,12.8,7,26,-28.36503055
14,12.8,7,23,-37.38647014
14,12.8,7,23.5,-28.74432923
14,12.8,7,24,-45.29403209
14,12.8,7,24.5,-28.63196039
14,12.8,7,25,-29.12577005
14,12.8,7,25.5,-25.61126694
14,12.8,7,26,-27.56253259
12,13,7,23,-32.85138562
12,13,7,23.5,-37.7566571
12,13,7,24,-36.47566018
12,13,7,24.5,-24.36379236
12,13,7,25,-21.56284839
12,13,7,25.5,-22.4027562
12,13,7,26,-22.71853309
12.2,13,7,23,-34.77653925
12.2,13,7,23.5,-38.87895642
12.2,13,7,24,-38.63948514
12.2,13,7,24.5,-22.02583143
12.2,13,7,25,-23.46743085
12.2,13,7,25.5,-21.97924383
12.2,13,7,26,-26.45461476
12.4,13,7,23,-36.75172519
12.4,13,7,23.5,-41.89024321
12.4,13,7,24,-51.33935644
12.4,13,7,24.5,-22.05110049
12.4,13,7,25,-22.75806555
12.4,13,7,25.5,-22.7452862
12.4,13,7,26,-22.52686404
12.6,13,7,23,-33.75375224
12.6,13,7,23.5,-33.44318777
12.6,13,7,24,-50.24522695
12.6,13,7,24.5,-23.07785461
12.6,13,7,25,-23.16194236
12.6,13,7,25.5,-23.08630612
12.6,13,7,26,-23.45502607
12.8,13,7,23,-34.20229585
12.8,13,7,23.5,-41.21112075
12.8,13,7,24,-52.92972553
12.8,13,7,24.5,-23.11626519
12.8,13,7,25,-22.51874
12.8,13,7,25.5,-22.64518158
12.8,13,7,26,-23.06721311
13,13,7,23,-33.83595284
13,13,7,23.5,-35.64863266
13,13,7,24,-45.69571539
13,13,7,24.5,-23.07214071
13,13,7,25,-23.6958479
13,13,7,25.5,-24.95961874
13,13,7,26,-24.3913001
13.2,13,7,23,-23.3662656
13.2,13,7,23.5,-57.63808009
13.2,13,7,24,-49.09530075
13.2,13,7,24.5,-25.61348503
13.2,13,7,25,-23.36751607
13.2,13,7,25.5,-23.09632032
13.2,13,7,26,-24.61485213
13.4,13,7,23,-32.08875129
13.4,13,7,23.5,-34.60376755
13.4,13,7,24,-39.20444562
13.4,13,7,24.5,-25.34376475
13.4,13,7,25,-24.20261054
13.4,13,7,25.5,-24.40236741
13.4,13,7,26,-24.66942333
13.6,13,7,23,-25.44008383
13.6,13,7,23.5,-49.45243478
13.6,13,7,24,-69.50874306
13.6,13,7,24.5,-24.53159667
13.6,13,7,25,-25.06335545
13.6,13,7,25.5,-28.77430811
13.6,13,7,26,-24.16970119
13.8,13,7,23,-37.90698183
13.8,13,7,23.5,-30.90900353
13.8,13,7,24,-54.87037162
13.8,13,7,24.5,-24.5703564
13.8,13,7,25,-25.78785201
13.8,13,7,25.5,-27.52200469
13.8,13,7,26,-25.49822219
14,13,7,23,-36.1209796
14,13,7,23.5,-43.58373888
14,13,7,24,-49.14582408
14,13,7,24.5,-27.10198168
14,13,7,25,-27.62821157
14,13,7,25.5,-24.31584502
14,13,7,26,-24.9511257
12,13.2,7,23,-32.22698232
12,13.2,7,23.5,-30.75180024
12,13.2,7,24,-48.54170498
12,13.2,7,24.5,-23.07479077
12,13.2,7,25,-22.46813745
12,13.2,7,25.5,-22.34194027
12,13.2,7,26,-22.34831378
12.2,13.2,7,23,-37.14409792
12.2,13.2,7,23.5,-47.11850351
12.2,13.2,7,24,-46.40265743
12.2,13.2,7,24.5,-25.48235457
12.2,13.2,7,25,-22.84980783
12.2,13.2,7,25.5,-22.32777547
12.2,13.2,7,26,-22.92890678
12.4,13.2,7,23,-36.94914878
12.4,13.2,7,23.5,-74.08892453
12.4,13.2,7,24,-40.03682014
12.4,13.2,7,24.5,-22.79341631
12.4,13.2,7,25,-23.50019296
12.4,13.2,7,25.5,-23.1629197
12.4,13.2,7,26,-21.89646651
12.6,13.2,7,23,-38.52744843
12.6,13.2,7,23.5,-44.11527362
12.6,13.2,7,24,-41.10488177
12.6,13.2,7,24.5,-24.5594137
12.6,13.2,7,25,-22.53145804
12.6,13.2,7,25.5,-23.37395852
12.6,13.2,7,26,-23.08549015
12.8,13.2,7,23,-29.48002777
12.8,13.2,7,23.5,-25.14823619
12.8,13.2,7,24,-40.17495897
12.8,13.2,7,24.5,-22.18794435
12.8,13.2,7,25,-22.48012688
12.8,13.2,7,25.5,-22.79959646
12.8,13.2,7,26,-21.50719261
13,13.2,7,23,-30.75568115
13,13.2,7,23.5,-50.86594201
13,13.2,7,24,-34.71898852
13,13.2,7,24.5,-22.40692868
13,13.2,7,25,-22.07832332
13,13.2,7,25.5,-22.93724125
13,13.2,7,26,-23.67676052
13.2,13.2,7,23,-30.54899385
13.2,13.2,7,23.5,-40.36190732
13.2,13.2,7,24,-40.4253032
13.2,13.2,7,24.5,-24.77911007
13.2,13.2,7,25,-23.47446388
13.2,13.2,7,25.5,-28.17191633
13.2,13.2,7,26,-22.8310061
13.4,13.2,7,23,-36.1117534
13.4,13.2,7,23.5,-33.27564242
13.4,13.2,7,24,-37.76916735
13.4,13.2,7,24.5,-24.52626357
13.4,13.2,7,25,-24.3388925
13.4,13.2,7,25.5,-24.52860706
13.4,13.2,7,26,-24.12095333
13.6,13.2,7,23,-39.19029369
13.6,13.2,7,23.5,-52.97252394
13.6,13.2,7,24,-45.18296934
13.6,13.2,7,24.5,-25.37822733
13.6,13.2,7,25,-26.69818947
13.6,13.2,7,25.5,-24.1488098
13.6,13.2,7,26,-25.65599746
13.8,13.2,7,23,-46.04580594
13.8,13.2,7,23.5,-32.01714171
13.8,13.2,7,24,-41.13019802
13.8,13.2,7,24.5,-24.35912614
13.8,13.2,7,25,-25.82438623
13.8,13.2,7,25.5,-25.06495095
13.8,13.2,7,26,-23.24982128
14,13.2,7,23,-31.27458621
14,13.2,7,23.5,-44.40957023
14,13.2,7,24,-45.66426046
14,13.2,7,24.5,-26.88119504
14,13.2,7,25,-26.92341288
14,13.2,7,25.5,-25.40764661
14,13.2,7,26,-24.23688311
12,13.4,7,23,-41.3636724
12,13.4,7,23.5,-41.40164136
12,13.4,7,24,-44.88418554
12,13.4,7,24.5,-21.52493356
12,13.4,7,25,-21.83448723
12,13.4,7,25.5,-21.98698062
12,13.4,7,26,-21.51469227
12.2,13.4,7,23,-26.78920239
12.2,13.4,7,23.5,-26.78355655
12.2,13.4,7,24,-38.09867783
12.2,13.4,7,24.5,-22.1849969
12.2,13.4,7,25,-21.8158293
12.2,13.4,7,25.5,-21.86769096
12.2,13.4,7,26,-22.04588252
12.4,13.4,7,23,-27.62404807
12.4,13.4,7,23.5,-32.06563989
12.4,13.4,7,24,-40.24885896
12.4,13.4,7,24.5,-21.480458
12.4,13.4,7,25,-20.87847803
12.4,13.4,7,25.5,-22.76929344
12.4,13.4,7,26,-22.0764158
12.6,13.4,7,23,-36.80676175
12.6,13.4,7,23.5,-27.38617381
12.6,13.4,7,24,-44.98077433
12.6,13.4,7,24.5,-24.13542214
12.6,13.4,7,25,-22.89461221
12.6,13.4,7,25.5,-21.20134111
12.6,13.4,7,26,-22.52925057
12.8,13.4,7,23,-39.69309742
12.8,13.4,7,23.5,-37.45005456
12.8,13.4,7,24,-46.3872342
12.8,13.4,7,24.5,-24.18776288
12.8,13.4,7,25,-22.65725815
12.8,13.4,7,25.5,-22.59696893
12.8,13.4,7,26,-28.59515872
13,13.4,7,23,-26.90740851
13,13.4,7,23.5,-41.83405344
13,13.4,7,24,-37.39604722
13,13.4,7,24.5,-23.04713748
13,13.4,7,25,-21.9023807
13,13.4,7,25.5,-24.59293153
13,13.4,7,26,-22.86018299
13.2,13.4,7,23,-27.08065618
13.2,13.4,7,23.5,-33.54589746
13.2,13.4,7,24,-33.88667746
13.2,13.4,7,24.5,-22.39145861
13.2,13.4,7,25,-22.23418629
13.2,13.4,7,25.5,-24.39174851
13.2,13.4,7,26,-23.17800793
13.4,13.4,7,23,-33.60538228
13.4,13.4,7,23.5,-56.10811008
13.4,13.4,7,24,-36.08437652
13.4,13.4,7,24.5,-22.65593182
13.4,13.4,7,25,-27.39269392
13.4,13.4,7,25.5,-25.02911208
13.4,13.4,7,26,-24.96668963
13.6,13.4,7,23,-33.76744097
13.6,13.4,7,23.5,-40.72701413
13.6,13.4,7,24,-49.62568518
13.6,13.4,7,24.5,-22.76978068
13.6,13.4,7,25,-24.02201598
13.6,13.4,7,25.5,-23.44785972
13.6,13.4,7,26,-21.99635469
13.8,13.4,7,23,-35.83183797
13.8,13.4,7,23.5,-32.83037457
13.8,13.4,7,24,-50.58112215
13.8,13.4,7,24.5,-23.50823894
13.8,13.4,7,25,-26.94553949
13.8,13.4,7,25.5,-22.72773685
13.8,13.4,7,26,-25.87713045
14,13.4,7,23,-36.6519321
14,13.4,7,23.5,-31.01239128
14,13.4,7,24,-55.68347249
14,13.4,7,24.5,-24.3208518
14,13.4,7,25,-26.39094494
14,13.4,7,25.5,-23.97908802
14,13.4,7,26,-23.50828357
12,13.6,7,23,-52.96935732
12,13.6,7,23.5,-45.85070026
12,13.6,7,24,-39.18910711
12,13.6,7,24.5,-21.42419666
12,13.6,7,25,-20.55266559
12,13.6,7,25.5,-21.96986569
12,13.6,7,26,-23.84436156
12.2,13.6,7,23,-34.79144644
12.2,13.6,7,23.5,-31.89444348
12.2,13.6,7,24,-40.60893982
12.2,13.6,7,24.5,-21.96038279
12.2,13.6,7,25,-21.3154488
12.2,13.6,7,25.5,-22.09438166
12.2,13.6,7,26,-21.54111637
12.4,13.6,7,23,-53.67582852
12.4,13.6,7,23.5,-35.70739739
12.4,13.6,7,24,-35.54549918
12.4,13.6,7,24.5,-21.7741303
12.4,13.6,7,25,-22.27173695
12.4,13.6,7,25.5,-21.82742272
12.4,13.6,7,26,-21.62947494
12.6,13.6,7,23,-32.88312202
12.6,13.6,7,23.5,-37.76006127
12.6,13.6,7,24,-40.11941828
12.6,13.6,7,24.5,-21.12583899
12.6,13.6,7,25,-20.69527251
12.6,13.6,7,25.5,-21.47569686
12.6,13.6,7,26,-20.74529633
12.8,13.6,7,23,-37.69259305
12.8,13.6,7,23.5,-33.09395976
12.8,13.6,7,24,-53.95606908
12.8,13.6,7,24.5,-21.23531891
12.8,13.6,7,25,-21.64784627
12.8,13.6,7,25.5,-49.06115806
12.8,13.6,7,26,-23.13852558
13,13.6,7,23,-34.22808393
13,13.6,7,23.5,-32.69911273
13,13.6,7,24,-37.14484298
13,13.6,7,24.5,-22.94686229
13,13.6,7,25,-23.10567171
13,13.6,7,25.5,-23.36951125
13,13.6,7,26,-21.77350618
13.2,13.6,7,23,-33.0651375
13.2,13.6,7,23.5,-42.42369341
13.2,13.6,7,24,-44.81528377
13.2,13.6,7,24.5,-24.16677788
13.2,13.6,7,25,-21.67825483
13.2,13.6,7,25.5,-21.95932262
13.2,13.6,7,26,-23.5676058
13.4,13.6,7,23,-41.00552345
13.4,13.6,7,23.5,-52.67085046
13.4,13.6,7,24,-42.427464
13.4,13.6,7,24.5,-22.98331997
13.4,13.6,7,25,-23.07674831
13.4,13.6,7,25.5,-23.07547661
13.4,13.6,7,26,-23.3530946
13.6,13.6,7,23,-36.28890416
13.6,13.6,7,23.5,-34.93054877
13.6,13.6,7,24,-40.99008629
13.6,13.6,7,24.5,-22.28973798
13.6,13.6,7,25,-24.43534984
13.6,13.6,7,25.5,-22.3744587
13.6,13.6,7,26,-22.24237822
13.8,13.6,7,23,-38.92450353
13.8,13.6,7,23.5,-39.72469218
13.8,13.6,7,24,-39.87552845
13.8,13.6,7,24.5,-22.63922156
13.8,13.6,7,25,-23.50811641
13.8,13.6,7,25.5,-22.47862526
13.8,13.6,7,26,-25.34292947
14,13.6,7,23,-32.15080107
14,13.6,7,23.5,-34.31662507
14,13.6,7,24,-39.61484265
14,13.6,7,24.5,-24.579042
14,13.6,7,25,-40.59570548
14,13.6,7,25.5,-22.41661319
14,13.6,7,26,-23.3010888
12,13.8,7,23,-41.68886118
12,13.8,7,23.5,-35.68199596
12,13.8,7,24,-45.24594448
12,13.8,7,24.5,-21.15381708
12,13.8,7,25,-21.74434395
12,13.8,7,25.5,-21.85077142
12,13.8,7,26,-22.73063348
12.2,13.8,7,23,-42.02536806
12.2,13.8,7,23.5,-32.7604072
12.2,13.8,7,24,-35.52500338
12.2,13.8,7,24.5,-21.9545733
12.2,13.8,7,25,-21.50518292
12.2,13.8,7,25.5,-21.37447866
12.2,13.8,7,26,-21.22298768
12.4,13.8,7,23,-48.30451561
12.4,13.8,7,23.5,-41.34741829
12.4,13.8,7,24,-61.39766095
12.4,13.8,7,24.5,-21.35562229
12.4,13.8,7,25,-20.46792313
12.4,13.8,7,25.5,-21.10472898
12.4,13.8,7,26,-20.86781415
12.6,13.8,7,23,-28.79336668
12.6,13.8,7,23.5,-36.80636634
12.6,13.8,7,24,-34.02827208
12.6,13.8,7,24.5,-21.83512129
12.6,13.8,7,25,-20.75694564
12.6,13.8,7,25.5,-21.32574265
12.6,13.8,7,26,-22.32589727
12.8,13.8,7,23,-33.70454484
12.8,13.8,7,23.5,-40.1661221
12.8,13.8,7,24,-41.10497399
12.8,13.8,7,24.5,-21.30038784
12.8,13.8,7,25,-21.2390211
12.8,13.8,7,25.5,-21.52826631
12.8,13.8,7,26,-21.69215677
13,13.8,7,23,-29.65571826
13,13.8,7,23.5,-33.71774792
13,13.8,7,24,-35.85029128
13,13.8,7,24.5,-23.74872415
13,13.8,7,25,-27.47092641
13,13.8,7,25.5,-24.18592995
13,13.8,7,26,-21.55588071
13.2,13.8,7,23,-34.92505919
13.2,13.8,7,23.5,-31.80876017
13.2,13.8,7,24,-49.93506231
13.2,13.8,7,24.5,-23.49985393
13.2,13.8,7,25,-23.18294534
13.2,13.8,7,25.5,-21.24271891
13.2,13.8,7,26,-21.50514885
13.4,13.8,7,23,-29.46266216
13.4,13.8,7,23.5,-33.30188319
13.4,13.8,7,24,-49.32290335
13.4,13.8,7,24.5,-21.96037447
13.4,13.8,7,25,-22.88097782
13.4,13.8,7,25.5,-22.40677193
13.4,13.8,7,26,-23.22613191
13.6,13.8,7,23,-18.47809418
13.6,13.8,7,23.5,-32.41389493
13.6,13.8,7,24,-39.09283093
13.6,13.8,7,24.5,-22.38783108
13.6,13.8,7,25,-22.90077095
13.6,13.8,7,25.5,-25.6374996
13.6,13.8,7,26,-21.91766249
13.8,13.8,7,23,-31.57268331
13.8,13.8,7,23.5,-47.97151235
13.8,13.8,7,24,-37.27827549
13.8,13.8,7,24.5,-22.05612376
13.8,13.8,7,25,-22.65026385
13.8,13.8,7,25.5,-22.68833355
13.8,13.8,7,26,-21.72974744
14,13.8,7,23,-39.03641286
14,13.8,7,23.5,-42.84726734
14,13.8,7,24,-53.37166009
14,13.8,7,24.5,-22.79530068
14,13.8,7,25,-22.49089239
14,13.8,7,25.5,-25.18722784
14,13.8,7,26,-21.74480715
12,14,7,23,-29.92673432
12,14,7,23.5,-34.15625532
12,14,7,24,-43.54764375
12,14,7,24.5,-20.76853812
12,14,7,25,-20.83361453
12,14,7,25.5,-20.12645619
12,14,7,26,-20.6543094
12.2,14,7,23,-35.84822445
12.2,14,7,23.5,-32.04150471
12.2,14,7,24,-34.8773365
12.2,14,7,24.5,-19.52870879
12.2,14,7,25,-21.01571939
12.2,14,7,25.5,-21.51661753
12.2,14,7,26,-21.46826772
12.4,14,7,23,-31.79757198
12.4,14,7,23.5,-40.19803481
12.4,14,7,24,-35.00565496
12.4,14,7,24.5,-21.24623397
12.4,14,7,25,-20.10010323
12.4,14,7,25.5,-21.69633411
12.4,14,7,26,-20.31272331
12.6,14,7,23,-39.35632347
12.6,14,7,23.5,-29.35805274
12.6,14,7,24,-36.29461508
12.6,14,7,24.5,-20.23398461
12.6,14,7,25,-21.07232255
12.6,14,7,25.5,-21.81211396
12.6,14,7,26,-21.0187869
12.8,14,7,23,-38.27527386
12.8,14,7,23.5,-41.13714164
12.8,14,7,24,-39.40602823
12.8,14,7,24.5,-20.99460215
12.8,14,7,25,-21.80072602
12.8,14,7,25.5,-21.29977948
12.8,14,7,26,-25.43555066
13,14,7,23,-34.60003513
13,14,7,23.5,-36.24022846
13,14,7,24,-31.69926832
13,14,7,24.5,-22.26412075
13,14,7,25,-21.36033639
13,14,7,25.5,-22.86243359
13,14,7,26,-21.34650534
13.2,14,7,23,-29.34381247
13.2,14,7,23.5,-33.71443868
13.2,14,7,24,-49.46203541
13.2,14,7,24.5,-22.62859965
13.2,14,7,25,-23.25968454
13.2,14,7,25.5,-22.48058866
13.2,14,7,26,-21.48229869
13.4,14,7,23,-44.75666583
13.4,14,7,23.5,-46.45057785
13.4,14,7,24,-39.44069393
13.4,14,7,24.5,-21.10906429
13.4,14,7,25,-23.30193828
13.4,14,7,25.5,-23.19085177
13.4,14,7,26,-21.55437902
13.6,14,7,23,-44.79235651
13.6,14,7,23.5,-27.48769909
13.6,14,7,24,-37.93638296
13.6,14,7,24.5,-22.78625374
13.6,14,7,25,-21.7968046
13.6,14,7,25.5,-21.13466371
13.6,14,7,26,-21.49421107
13.8,14,7,23,-27.60547802
13.8,14,7,23.5,-30.30006621
13.8,14,7,24,-35.23002748
13.8,14,7,24.5,-22.03098767
13.8,14,7,25,-22.80248689
13.8,14,7,25.5,-22.16258027
13.8,14,7,26,-22.89035026
14,14,7,23,-29.74572867
14,14,7,23.5,-34.8663037
14,14,7,24,-45.48513755
14,14,7,24.5,-21.83940699
14,14,7,25,-25.37327871
14,14,7,25.5,-27.18869942
14,14,7,26,-21.94323159
