a,b,h,l
13.84,12.37,5.56,24.77
13.02,12.19,4.82,24.94
12.64,12.87,5.89,23.28
13.49,12.74,5.11,23.96
12.09,12.67,6.66,24.84
13.1,12.47,4.49,23.19
13.42,12.98,6.45,25.93
13.13,12.92,6.45,23.48
12.52,13.77,6.06,24.64
12.79,12.44,4.25,23.19
13.31,13.71,5.97,25.67
12.94,12.84,5.05,23.39
13.58,13.48,5.73,23.9
12.86,12.62,5.7,25.64
12.96,12.56,5.0,23.04
13.81,12.09,7.0,23.68
12.8,12.9,6.7,23.71
13.02,13.1,5.22,23.82
12.64,12.14,4.57,24.21
13.0,13.75,6.29,23.09
13.99,12.91,6.73,24.92
12.15,12.2,6.68,23.37
12.48,13.91,4.62,23.85
13.91,13.26,5.38,25.07
12.79,13.59,5.06,24.45
12.54,13.71,6.48,24.46
12.64,12.63,6.45,25.47
12.45,12.49,4.12,23.93
12.12,12.54,4.03,25.28
12.07,12.21,6.06,24.41
12.57,12.94,4.54,23.75
13.89,12.75,4.59,23.63
13.4,13.4,6.0,25.91
13.69,12.87,5.73,25.53
13.98,13.33,4.85,24.29
13.87,13.81,5.25,25.98
13.21,13.94,4.85,24.95
12.55,13.08,4.37,23.76
13.59,12.64,5.73,23.34
13.18,13.83,4.99,23.48
12.2,12.57,5.38,23.24
12.09,12.44,4.16,25.29
13.14,12.46,4.57,25.61
12.64,12.28,5.81,23.52
13.25,12.71,6.67,25.13
12.34,12.97,6.17,24.44
13.55,12.45,6.13,25.05
13.75,12.35,4.18,24.04
12.95,12.16,6.53,23.08
13.06,13.84,5.23,24.35
13.78,13.32,5.08,25.87
12.26,13.85,6.03,23.49
13.7,12.17,4.6,24.14
12.12,13.82,6.54,24.46
13.29,13.24,4.88,25.41
12.55,12.69,4.01,25.21
12.9,13.16,4.35,25.35
12.53,12.99,4.82,24.48
12.89,12.89,4.04,25.28
13.53,13.22,4.41,24.9
12.02,13.72,5.9,25.76
13.5,13.93,5.11,25.03
12.54,13.42,4.19,24.82
12.03,12.0,5.65,24.88
13.34,13.42,5.13,25.2
12.53,12.77,6.24,24.3
13.27,12.6,6.37,24.92
12.19,12.61,4.64,25.17
12.02,12.22,4.59,24.74
13.13,12.21,4.35,25.34
12.35,13.16,5.66,23.21
13.29,13.05,4.18,23.78
12.49,13.93,5.45,23.81
12.19,13.72,6.19,23.05
13.12,12.15,6.65,25.2
12.04,13.99,5.67,24.93
13.8,13.43,6.01,23.91
13.86,12.18,4.4,23.66
12.14,12.77,5.2,25.81
12.31,13.38,4.03,24.63
12.21,13.88,4.19,26.0
13.77,13.44,4.96,25.82
13.29,13.31,4.18,24.39
13.42,12.88,5.37,25.07
13.43,12.4,6.45,25.99
13.25,13.26,6.32,25.49
12.44,13.04,5.57,25.47
13.85,12.33,5.13,25.62
13.35,13.0,5.61,24.43
12.37,13.57,6.11,24.73
12.44,13.08,4.36,23.63
13.05,12.43,4.96,23.4
12.74,12.24,5.38,23.99
13.34,12.1,6.29,24.42
12.76,13.79,5.0,23.48
13.73,12.63,5.86,24.09
13.11,13.55,6.46,23.09
12.89,12.17,5.5,25.62
12.3,13.39,4.59,25.93
13.5,13.64,6.34,23.88
13.53,13.58,4.35,25.5
12.28,13.4,6.68,25.6
12.69,13.89,5.19,24.78
12.67,13.57,6.87,24.2
13.5,13.03,5.13,23.17
12.06,13.13,6.75,24.95
13.86,13.88,6.93,23.07
13.54,12.98,6.48,23.79
13.46,13.45,6.17,25.46
13.51,13.68,6.05,24.63
12.28,12.06,6.06,23.79
13.38,12.54,6.89,23.06
13.24,12.77,5.56,23.61
13.28,12.35,6.75,23.67
13.11,13.24,5.09,23.1
12.95,13.82,4.72,25.92
12.46,13.76,5.56,24.4
12.36,13.9,5.4,25.93
13.81,13.84,6.67,24.28
13.06,12.14,4.95,23.29
12.01,12.98,6.68,24.2
12.74,12.29,6.45,24.61
12.52,12.96,6.01,23.17
12.15,13.85,5.67,23.29
12.4,12.44,4.57,23.57
12.91,12.64,5.01,24.9
13.09,13.25,6.45,23.64
13.42,13.46,6.02,24.05
12.05,13.9,4.2,24.57
13.48,12.14,6.32,25.81
12.57,13.99,5.86,24.16
12.6,13.69,4.97,23.04
13.43,12.68,6.53,25.2
12.58,12.2,6.92,24.8
12.39,13.05,4.39,23.9
12.02,13.25,4.14,24.32
12.89,12.27,6.34,23.9
12.05,12.62,5.55,25.4
12.88,13.12,6.77,23.3
12.22,12.22,5.13,23.36
13.39,12.67,4.36,23.64
13.67,12.73,5.58,24.71
13.28,13.0,6.66,24.16
13.67,13.7,4.05,25.43
12.63,13.6,4.75,24.99
13.48,12.89,5.22,23.39
13.67,12.82,5.15,24.99
12.53,13.64,5.54,23.11
13.31,14.0,4.64,25.01
13.35,13.66,5.74,23.71
13.22,13.94,4.72,24.28
12.4,12.38,4.37,24.93
13.24,12.21,5.26,25.31
12.35,12.85,5.07,23.19
12.41,13.77,6.56,24.3
12.87,13.89,6.35,25.85
12.4,13.76,4.73,25.15
13.35,13.82,5.36,24.75
13.16,13.14,6.72,24.68
13.98,13.23,6.38,25.87
12.5,13.72,5.63,25.93
13.15,13.59,4.72,25.01
12.37,13.16,6.09,25.66
13.67,13.48,5.2,25.75
12.61,13.09,5.65,24.4
13.27,12.62,4.46,23.8
12.51,12.34,4.51,24.41
12.58,13.74,5.7,23.79
12.45,13.01,5.28,24.92
12.57,13.18,5.75,25.8
13.45,13.32,5.73,23.6
12.06,13.79,5.14,24.23
12.35,12.71,6.86,23.18
13.69,12.07,5.3,23.45
13.85,12.38,4.98,23.66
13.88,12.96,5.22,25.38
13.75,12.07,6.45,23.87
13.34,12.75,5.43,23.48
13.59,13.03,4.01,25.81
12.52,12.14,6.71,24.93
13.51,12.74,5.51,24.58
12.16,13.43,6.66,25.89
13.98,13.6,5.96,25.3
13.97,12.49,6.1,24.05
13.88,12.77,6.51,23.98
12.68,13.16,5.08,24.56
12.28,12.7,6.57,23.13
13.67,12.02,6.56,24.76
13.48,12.95,4.12,25.54
12.22,13.49,5.03,25.21
12.95,13.81,4.32,25.4
12.84,13.57,5.05,25.86
12.42,12.39,6.71,24.8
12.56,13.99,6.09,23.5
12.4,12.47,5.48,24.16
12.3,13.57,6.07,25.28
13.83,13.6,5.07,24.43
12.92,13.81,6.96,23.87
12.29,13.36,4.97,23.14
13.82,13.73,6.79,24.98
12.5,12.37,6.38,25.54
12.4,13.81,5.89,25.76
12.35,12.3,5.25,23.55
12.46,13.22,4.75,24.34
12.82,13.86,4.33,23.36
12.32,12.12,6.01,25.56
13.6,13.05,5.32,23.72
13.6,13.4,4.67,25.76
12.56,12.2,6.12,24.61
12.4,12.79,4.3,23.01
13.48,12.88,5.18,24.35
12.99,12.21,6.06,24.2
12.99,13.7,6.32,23.1
12.76,12.02,6.48,25.53
13.05,12.74,5.03,23.49
12.0,13.72,5.49,23.06
13.34,13.98,6.65,24.2
13.43,13.36,5.39,25.96
12.17,13.9,6.77,24.67
13.99,12.59,5.46,24.49
13.72,12.95,5.88,25.68
12.71,13.76,6.94,25.8
13.26,12.89,6.28,24.74
13.18,13.85,6.44,25.99
12.59,12.82,4.62,23.5
13.73,13.11,4.81,24.01
13.78,13.22,6.0,24.18
13.85,13.39,4.45,23.67
13.25,13.05,4.9,25.0
13.25,12.55,5.1,25.0
12.37,13.48,5.84,25.28
13.03,12.67,4.9,23.26
12.79,13.09,5.67,24.47
13.19,13.77,4.41,23.01
13.69,12.82,6.81,23.58
12.43,13.92,5.95,24.8
13.81,12.71,5.11,23.88
12.91,12.1,5.56,25.4
12.06,13.57,5.47,25.6
12.22,12.6,4.28,23.05
13.25,12.86,6.92,23.84
13.0,13.91,6.81,24.6
13.79,12.48,4.13,23.15
12.93,12.21,4.47,24.08
13.63,13.33,5.86,23.83
13.98,13.83,4.37,25.78
12.27,13.24,4.79,23.68
13.94,12.58,6.58,25.41
13.31,13.93,5.35,24.34
13.48,13.94,6.88,23.68
13.63,12.82,5.08,23.49
13.42,13.35,6.97,23.12
12.43,12.03,4.22,25.37
12.66,12.06,4.53,24.08
12.89,13.71,5.54,24.2
13.05,13.99,6.6,25.89
12.55,12.05,5.39,25.69
12.86,13.15,6.79,25.22
13.68,12.72,4.33,23.44
13.41,12.66,4.74,25.43
13.53,12.93,6.47,23.04
13.68,13.17,6.77,25.29
13.42,13.47,6.03,24.41
13.39,13.24,5.63,25.46
12.46,12.86,6.97,24.14
13.35,13.05,4.38,23.87
13.3,12.64,4.83,25.74
13.24,12.67,4.42,25.63
12.74,13.92,5.67,23.29
13.45,12.3,6.62,24.43
13.49,13.04,5.71,25.73
12.11,12.92,4.97,25.18
12.26,14.0,4.13,23.93
13.78,12.02,6.64,25.51
13.92,13.71,6.84,23.65
13.39,13.1,5.5,25.79
12.49,13.84,5.19,23.73
13.66,13.66,5.88,25.55
12.57,12.29,5.51,23.36
13.96,13.55,6.0,25.04
13.16,12.73,5.89,24.67
13.64,12.26,4.74,25.0
12.6,12.37,6.82,24.15
13.65,12.24,4.54,25.56
13.04,12.63,5.35,24.39
12.98,12.22,6.68,23.89
12.72,12.2,5.1,24.4
12.87,13.95,5.69,24.46
13.2,13.77,5.67,24.37
12.21,13.74,4.72,24.43
12.73,12.89,4.91,24.26
13.44,12.56,4.57,24.36
12.58,12.86,5.15,25.98
13.11,13.59,5.57,24.78
12.35,13.19,6.04,25.17
12.63,13.29,6.33,23.34
12.97,12.29,4.89,23.31
13.86,13.37,4.83,25.82
12.68,13.27,4.94,25.98
12.88,13.1,4.31,23.49
13.91,13.77,4.28,23.85
12.46,12.06,6.49,24.71
12.03,13.56,5.65,25.54
13.75,13.91,6.81,23.18
12.26,13.91,4.39,24.43
13.74,12.73,4.17,25.99
12.35,13.41,6.53,23.23
12.65,13.94,4.6,23.91
13.12,12.51,5.39,25.86
13.58,12.05,6.75,24.36
13.85,13.92,4.6,24.74
13.91,13.77,6.31,24.57
12.29,12.63,4.42,25.81
13.37,12.55,6.42,23.43
13.01,13.21,5.56,23.87
13.22,13.43,5.72,23.79
12.67,12.63,5.18,25.5
12.27,13.03,4.31,23.33
12.02,13.66,4.01,23.52
13.67,12.03,4.49,24.53
12.23,13.47,4.28,25.56
12.85,13.66,6.41,25.16
13.64,13.76,5.39,24.84
12.76,13.94,5.1,23.4
13.39,12.25,4.71,25.66
12.07,12.71,4.88,25.76
12.87,13.24,5.65,25.8
13.73,12.03,4.8,24.2
13.53,13.49,4.63,25.17
13.31,13.75,5.44,25.91
12.36,13.08,5.04,24.63
13.71,12.13,6.2,24.65
13.95,13.38,5.44,25.67
13.8,13.56,6.26,23.86
12.91,12.55,6.0,24.51
13.08,13.4,5.05,25.56
13.0,12.08,5.9,24.84
13.53,13.77,6.62,23.05
13.37,12.06,6.08,25.9
13.72,12.3,4.22,25.43
12.03,13.02,4.59,25.63
12.58,13.52,6.82,25.01
13.42,14.0,5.36,24.74
13.56,12.55,5.39,23.47
13.95,12.38,5.95,25.64
13.61,13.15,5.53,23.55
12.01,12.92,6.27,24.04
12.04,12.98,6.18,25.26
13.47,12.46,6.72,24.53
12.25,13.76,6.0,24.26
12.72,13.44,4.0,25.59
12.38,12.27,6.59,24.04
12.35,12.42,4.63,23.71
13.89,13.6,4.51,23.93
13.23,13.55,4.09,25.31
12.77,12.12,5.43,23.52
12.1,12.37,6.69,25.6
12.82,12.16,4.34,23.35
12.65,12.03,6.09,24.6
12.81,12.97,4.42,25.9
13.14,13.19,5.7,24.65
13.73,12.07,6.33,25.52
13.16,12.14,5.7,24.61
13.23,12.01,4.14,25.26
12.08,13.85,5.34,25.23
12.02,12.21,4.57,23.95
13.03,12.2,6.78,25.76
12.22,12.33,4.94,23.93
13.36,12.25,5.57,25.38
12.32,12.97,7.0,24.03
13.31,12.6,6.14,25.94
13.23,12.46,6.17,23.51
13.76,12.84,5.65,25.69
13.78,12.13,5.84,23.36
12.0,12.28,5.27,24.79
12.85,12.98,4.22,24.94
13.57,13.23,6.17,24.87
13.46,13.98,4.18,25.47
12.12,13.23,5.56,25.69
12.65,13.89,6.55,24.76
13.29,13.4,4.33,23.71
13.7,13.68,4.44,23.83
13.15,13.03,5.91,25.29
13.83,12.79,6.05,24.27
13.0,12.63,5.69,24.7
12.4,12.06,4.51,24.83
13.33,12.03,5.37,23.64
12.23,13.02,5.4,23.59
12.38,12.83,6.97,25.7
13.48,13.52,5.26,24.56
12.31,12.68,4.81,25.25
13.52,13.54,5.22,23.24
12.7,12.81,5.26,23.9
12.62,12.28,6.84,23.73
12.61,12.38,4.67,24.06
13.72,12.5,5.69,23.06
13.9,12.73,6.64,24.81
12.67,13.85,5.98,24.95
13.14,13.4,4.96,24.78
12.4,13.49,4.64,25.19
13.05,13.61,4.83,23.88
13.74,13.32,4.87,25.82
13.99,13.93,5.18,25.75
12.03,12.74,6.23,25.44
13.89,12.4,6.13,25.65
12.88,13.61,6.42,25.69
12.85,12.96,5.61,25.47
12.13,13.21,5.22,23.2
13.09,12.81,4.57,25.73
12.33,12.44,6.08,24.58
13.41,13.63,4.81,23.51
13.91,13.09,6.26,24.77
13.44,12.21,4.93,23.44
13.53,13.54,5.96,23.19
12.36,12.22,5.15,23.1
12.37,13.68,6.02,24.7
13.66,13.79,5.51,24.48
13.94,13.34,6.85,24.77
12.99,12.96,4.79,24.43
13.16,12.54,4.21,24.73
13.41,13.15,4.49,24.58
12.93,12.74,5.69,24.86
13.26,12.94,6.48,25.97
12.96,13.72,4.96,23.13
13.24,13.22,5.63,25.43
12.53,13.81,4.65,25.86
12.41,12.01,4.91,23.43
13.6,13.42,4.77,24.09
12.25,13.65,6.51,24.16
13.56,12.16,6.91,25.26
12.73,13.36,4.05,25.4
12.64,12.24,6.38,24.08
13.13,12.87,6.83,23.8
13.92,13.75,4.02,23.16
13.82,13.74,6.16,24.47
12.46,13.13,4.82,23.64
13.06,12.73,4.88,25.48
12.99,12.27,6.95,25.81
12.6,13.67,5.61,25.65
12.26,13.44,5.82,25.59
12.4,12.04,6.96,25.24
12.86,13.74,6.47,24.3
12.73,12.13,6.66,24.61
12.55,12.64,6.47,24.51
12.53,13.45,4.54,24.59
13.27,13.18,4.56,23.04
13.02,13.52,6.94,24.69
12.31,12.59,4.86,24.07
12.07,12.04,4.41,25.2
12.5,13.6,4.18,25.69
12.78,13.55,6.05,23.47
13.6,13.5,5.09,23.2
13.0,12.13,4.27,23.39
12.86,12.38,5.94,25.53
12.21,12.2,5.54,23.46
13.51,12.45,4.38,24.19
13.74,12.66,6.28,23.74
13.48,13.76,4.1,23.32
13.22,13.01,4.13,24.31
13.74,13.51,4.97,25.36
12.85,12.38,4.64,23.45
12.07,12.02,4.87,24.71
12.06,13.04,5.86,25.43
12.47,12.45,4.47,23.69
13.19,12.48,5.36,24.59
13.64,12.33,6.32,23.2
12.29,13.45,4.44,23.91
12.05,13.87,6.23,25.99
13.69,12.09,4.08,24.51
12.47,12.12,6.08,24.46
13.01,13.38,5.94,23.81
12.55,13.39,5.69,23.09
13.26,13.2,5.85,24.98
12.79,12.84,6.01,23.06
13.01,12.19,5.22,23.97
13.39,12.65,4.29,25.04
12.86,12.35,6.94,25.98
13.48,12.88,4.54,24.54
12.2,12.69,6.69,23.98
13.42,12.53,4.89,24.19
12.26,12.83,5.37,23.09
13.29,13.68,6.26,25.72
13.52,13.32,6.52,23.61
12.84,12.58,6.92,25.45
13.26,13.01,5.38,25.12
12.42,13.65,5.86,23.99
13.22,12.56,5.19,24.66
13.97,13.4,6.41,25.79
13.75,13.23,6.56,24.86
12.19,12.75,4.97,24.49
13.74,13.09,5.1,24.58
12.64,12.44,4.16,23.58
13.38,12.06,5.17,25.2
12.73,12.76,5.67,23.14
13.6,12.43,5.05,25.2
12.36,13.75,4.33,25.44
12.61,12.12,6.01,25.74
13.73,12.88,6.57,23.8
13.37,12.65,5.34,23.28
13.74,13.39,5.48,24.3
13.14,13.49,5.49,24.22
12.77,12.81,5.79,25.79
12.45,12.98,6.18,24.16
13.09,13.07,5.14,24.46
13.62,13.77,6.11,25.84
12.8,12.43,6.28,23.64
12.14,13.31,4.61,23.34
13.81,13.88,6.88,25.75
12.9,13.7,6.52,25.0
12.27,12.49,6.15,25.73
12.72,12.39,6.42,23.96
12.66,13.99,5.32,24.91
13.65,12.17,6.39,23.41
13.72,13.85,5.7,23.32
12.93,13.0,4.66,23.59
13.77,13.66,4.93,24.44
13.88,13.14,5.6,25.42
12.99,12.86,6.52,25.87
13.57,13.55,4.74,24.4
13.75,13.6,5.31,24.41
12.29,12.16,5.44,23.29
13.93,12.57,5.91,23.48
12.72,12.79,5.19,23.43
13.3,12.14,6.26,23.88
13.99,13.71,4.07,23.03
13.38,13.33,5.39,23.26
13.49,13.53,5.35,24.92
12.97,13.81,6.8,24.14
12.86,13.53,6.37,23.92
13.4,12.43,5.96,25.51
12.69,13.85,6.09,24.67
13.27,13.78,5.15,23.07
13.9,12.14,6.38,24.0
13.53,12.02,6.33,24.95
13.53,12.15,6.18,24.4
13.85,13.7,4.95,24.06
13.36,13.41,6.2,24.68
12.68,12.92,5.26,23.88
13.49,12.84,5.9,24.87
13.21,13.31,6.33,24.59
13.61,13.17,5.45,24.0
12.44,13.05,5.13,24.45
12.72,13.26,4.61,23.48
12.58,12.54,4.75,24.23
13.66,13.14,4.59,24.73
13.33,13.13,6.14,24.31
12.43,12.25,4.74,23.82
12.83,12.56,5.86,23.09
13.34,13.14,4.88,24.85
12.68,12.38,4.11,24.03
13.72,13.79,6.52,24.16
13.73,13.47,5.34,25.79
12.81,12.88,6.26,23.2
13.67,13.76,5.53,25.88
13.54,13.36,5.92,23.57
12.97,13.64,4.93,24.73
13.56,12.47,4.63,25.72
13.77,13.1,6.73,23.18
13.81,13.32,4.34,23.28
12.06,12.95,6.26,25.98
12.96,13.12,6.87,24.84
12.99,12.86,5.62,25.64
12.59,12.57,5.59,23.55
13.75,13.38,5.97,24.51
12.76,12.78,4.77,23.68
13.02,12.09,6.29,23.05
12.49,12.62,6.68,23.51
12.68,13.68,6.08,23.5
12.34,12.3,4.49,25.77
12.9,12.19,4.14,25.28
12.29,13.77,6.25,23.04
12.78,13.29,5.5,23.77
12.41,12.51,4.47,24.15
13.21,12.59,6.66,25.79
13.58,12.85,5.76,25.87
13.28,13.28,4.56,25.91
12.78,13.99,6.52,24.94
12.53,13.43,4.04,25.45
13.8,13.12,6.53,23.39
13.33,12.55,4.59,25.35
12.09,12.85,5.15,25.72
13.86,12.72,4.49,23.99
12.11,13.14,6.96,25.97
12.25,13.52,4.31,24.57
12.7,12.55,5.13,25.4
13.1,13.87,4.26,25.3
12.23,13.32,5.28,23.28
13.85,12.69,6.76,23.68
12.14,13.35,5.25,24.86
12.23,12.53,6.54,23.44
12.95,13.14,6.02,23.09
13.44,13.79,4.29,23.59
12.04,12.25,4.41,24.58
13.32,12.8,6.52,24.88
12.87,12.01,4.29,24.1
12.91,13.82,5.16,23.91
12.4,12.77,4.01,25.85
12.01,13.9,6.84,25.61
12.31,13.89,4.77,24.96
12.39,13.35,4.26,25.03
13.13,12.53,5.89,25.34
12.39,12.32,6.4,23.01
12.84,12.01,6.39,25.64
12.5,12.95,6.28,23.05
12.08,13.59,4.95,25.42
13.37,12.7,6.08,23.38
13.14,12.45,6.93,24.38
13.61,12.42,4.55,23.95
13.23,13.58,4.02,25.96
13.66,12.61,6.61,25.05
12.23,13.65,4.46,24.28
13.22,13.09,4.62,25.39
12.27,13.47,4.51,25.25
12.48,13.27,6.11,24.17
13.63,12.52,5.16,24.65
13.81,13.91,4.3,23.28
12.79,13.5,5.1,25.45
12.87,12.87,6.44,23.86
13.43,12.63,4.74,23.7
13.26,12.88,6.28,23.61
13.07,13.72,5.59,24.18
12.25,12.95,4.87,24.73
13.1,13.58,5.23,23.09
12.41,13.63,4.46,24.89
13.07,13.95,5.95,23.71
13.82,13.82,4.58,24.57
12.93,13.52,5.39,25.96
12.65,12.3,5.75,25.8
12.44,13.5,6.54,25.77
13.21,12.76,5.78,25.09
13.76,12.09,4.26,23.87
13.21,12.68,5.09,23.97
13.02,12.2,6.11,23.48
12.33,13.01,4.71,23.04
13.4,13.38,4.56,25.71
12.84,12.49,5.42,23.5
13.64,12.19,4.37,25.1
12.59,12.28,5.55,25.2
12.07,13.31,5.48,24.53
13.01,12.39,4.63,25.05
13.35,13.69,4.08,25.3
13.3,12.87,6.01,24.98
13.75,12.64,6.9,24.0
12.44,13.85,4.81,24.43
12.96,12.99,6.83,23.27
13.37,12.99,6.56,24.63
13.02,12.13,6.36,24.02
12.23,13.0,6.03,24.62
13.99,12.28,5.31,23.36
13.5,12.11,5.28,24.98
13.08,13.58,6.07,24.0
13.28,12.83,4.88,23.07
12.18,12.77,6.9,23.34
12.94,12.97,5.84,25.54
12.73,12.22,6.66,24.53
12.59,12.78,4.13,23.24
13.47,13.8,5.74,25.11
13.06,13.67,5.26,25.44
13.26,13.7,4.27,25.05
12.41,13.3,4.22,25.16
12.95,13.97,6.8,25.14
13.51,12.62,5.39,23.94
12.42,13.62,5.46,24.31
13.61,12.89,4.21,24.45
13.95,13.16,6.86,25.77
12.59,13.08,5.24,24.13
12.13,13.34,6.88,23.81
12.27,13.91,5.54,23.14
13.28,12.92,6.54,23.54
13.01,12.22,5.66,23.29
12.06,13.01,6.48,23.8
13.22,12.12,4.85,23.09
12.4,13.43,4.57,23.44
13.4,13.8,6.64,23.02
12.99,12.1,6.51,25.23
13.29,12.75,5.14,25.56
12.26,12.96,6.86,24.52
12.38,13.8,6.01,24.88
12.43,12.08,6.21,24.65
13.4,13.38,6.53,24.12
13.98,13.35,4.75,25.99
13.6,13.8,5.73,25.2
12.95,12.44,5.95,25.39
13.71,13.2,4.59,24.94
12.82,12.39,5.69,23.33
12.12,12.83,5.92,24.77
12.54,12.23,5.64,24.84
12.42,13.4,6.09,25.44
13.89,13.48,6.49,24.69
12.22,13.08,4.84,25.83
12.6,12.63,4.39,25.75
13.4,12.64,6.98,25.5
13.1,13.1,5.23,23.6
13.33,13.31,6.63,24.96
13.17,12.98,6.14,25.97
13.47,12.57,5.41,23.47
12.08,13.73,6.7,24.34
13.12,13.03,4.07,23.57
12.11,12.37,6.36,23.62
12.08,13.92,4.97,25.23
12.05,12.65,6.39,25.55
12.16,13.59,6.73,24.86
12.29,12.91,5.36,24.63
13.86,12.06,5.47,23.9
13.84,12.01,5.4,25.4
13.91,13.53,4.46,24.08
12.59,12.75,4.2,24.41
13.7,12.35,6.41,23.38
13.95,13.87,6.74,23.65
12.98,13.88,5.19,25.01
13.59,12.11,4.56,25.96
13.62,13.99,4.37,25.57
12.82,12.71,5.97,24.2
13.18,12.44,4.35,24.41
13.93,12.91,4.63,24.88
13.93,12.81,6.23,25.92
13.7,12.06,5.08,25.18
12.95,12.69,6.46,25.25
13.32,13.87,5.2,23.72
12.78,12.48,6.86,25.8
12.4,13.59,5.94,24.02
13.55,12.69,4.31,24.86
12.08,13.54,5.08,24.56
12.3,13.25,5.09,24.09
13.29,13.79,5.05,24.18
13.37,12.75,5.05,25.39
12.35,13.83,5.96,23.45
13.2,12.83,5.01,24.06
13.77,13.83,6.57,25.0
13.32,12.78,6.82,23.59
13.26,13.4,6.78,24.24
12.01,13.43,4.87,25.57
13.04,12.69,6.49,23.45
13.6,13.8,5.23,25.39
12.76,12.3,5.7,23.67
12.37,12.25,6.12,24.72
12.29,12.61,4.8,23.5
13.69,13.86,4.43,24.84
12.36,13.09,6.08,25.93
12.28,13.0,5.63,23.66
13.3,12.11,5.92,25.79
12.51,13.42,6.14,25.88
13.35,12.2,4.23,24.17
13.05,12.99,6.37,24.81
12.39,12.23,6.64,24.13
12.33,13.1,4.58,24.75
12.02,12.2,6.48,25.72
13.75,12.16,5.62,24.76
12.32,13.8,6.34,24.85
12.12,12.35,6.57,23.81
12.08,13.95,5.2,25.75
13.26,13.67,4.5,24.98
13.75,13.93,6.5,24.77
13.44,13.57,4.41,23.44
13.39,13.21,6.33,24.76
13.35,12.27,6.07,23.48
13.81,13.09,4.97,25.77
13.58,13.19,4.44,25.88
13.65,13.64,5.86,23.62
13.7,12.37,5.65,24.06
12.08,13.53,4.0,23.6
12.49,12.34,5.38,25.12
13.67,12.27,5.75,25.59
12.55,13.08,5.28,23.08
13.16,12.94,5.07,25.6
12.41,12.49,6.82,24.48
12.64,12.99,5.52,25.71
12.53,13.57,5.04,23.29
12.51,13.8,4.13,24.64
13.7,13.01,4.81,24.5
12.74,13.08,5.63,25.73
12.35,12.96,4.14,23.23
13.92,13.04,4.35,24.04
13.0,12.22,6.11,25.45
13.68,13.3,5.24,24.75
12.83,13.8,5.1,24.17
13.97,12.66,5.24,24.59
12.83,12.96,6.88,23.07
12.12,12.48,5.35,23.09
13.13,13.69,5.09,23.97
12.23,12.23,5.69,25.29
12.41,12.94,5.05,25.01
12.91,13.28,6.07,23.82
13.37,12.15,4.36,25.55
13.13,12.35,6.34,24.74
12.52,13.71,5.95,25.51
13.79,13.4,6.41,24.92
13.72,13.07,6.34,24.19
13.24,13.99,4.41,25.82
13.63,13.21,5.83,25.43
13.85,12.17,4.36,24.48
13.43,12.18,4.3,25.2
12.01,13.65,6.88,23.89
12.9,13.07,5.24,23.99
13.35,13.02,6.04,25.85
13.54,12.37,6.5,24.82
13.18,13.19,5.35,25.89
13.15,13.69,5.67,24.47
13.21,12.04,4.13,24.6
12.96,12.04,6.35,24.01
13.97,12.12,5.86,25.79
13.0,13.48,6.5,24.05
13.62,12.91,5.91,23.79
12.96,12.74,6.19,25.16
12.27,12.82,4.66,25.46
12.36,12.25,6.03,24.3
13.09,13.97,4.32,25.37
12.49,13.6,6.13,24.2
12.66,12.97,5.73,24.9
13.67,13.02,6.39,25.45
13.07,13.5,4.94,24.06
12.31,12.09,6.98,23.61
13.34,13.45,5.5,24.13
13.1,12.69,6.66,25.4
12.2,12.71,4.13,25.35
13.48,13.93,6.52,24.94
12.66,13.9,4.67,25.64
13.44,12.21,4.22,23.31
12.25,13.37,5.96,24.16
13.32,12.28,5.46,23.19
12.09,12.93,4.6,23.75
13.83,13.54,5.75,24.23
12.09,12.79,4.27,24.51
13.75,12.96,4.41,25.38
13.87,12.81,6.31,25.07
12.18,13.21,6.32,24.14
13.12,13.46,4.99,24.87
13.33,12.24,6.24,24.62
12.19,13.26,6.34,25.61
13.69,13.95,4.24,23.06
12.68,13.82,6.94,23.99
13.61,13.88,6.42,23.34
12.61,13.2,6.36,25.96
13.91,12.98,5.38,25.63
13.19,13.96,4.33,23.33
12.77,13.73,6.79,24.99
12.87,13.47,5.42,24.35
12.77,13.55,5.34,25.24
13.69,12.93,4.95,25.59
12.5,13.22,4.55,23.3
13.24,13.83,6.63,23.84
13.76,12.78,4.52,23.8
12.78,12.4,5.79,23.21
12.18,12.89,6.83,23.03
13.45,13.6,6.47,24.74
13.25,13.78,4.79,24.27
13.17,12.21,6.49,24.92
13.38,13.86,6.02,25.97
13.75,13.08,6.45,25.22
13.32,12.96,6.98,23.97
13.43,12.46,4.96,25.81
13.84,13.07,5.21,23.59
13.42,13.86,4.97,25.4
12.52,13.17,5.36,23.94
12.95,13.65,5.27,23.23
12.08,12.43,5.31,25.31
12.24,13.65,4.73,23.23
12.46,12.36,4.32,23.1
12.68,13.26,5.97,25.58
13.29,13.18,6.3,23.25
13.55,12.43,4.07,24.41
12.54,13.08,4.69,23.21
12.7,12.65,6.18,24.78
12.06,13.58,5.13,24.63
13.49,12.85,4.24,25.0
13.51,13.95,4.16,25.7
12.13,13.36,6.26,25.87
13.84,12.91,5.77,24.04
12.88,13.44,6.1,24.67
13.61,12.33,4.16,24.25
13.78,13.3,6.15,23.82
12.35,13.39,4.52,24.72
12.21,12.45,4.86,25.35
13.02,13.9,4.07,24.54
12.73,13.55,5.74,25.43
12.63,12.39,6.5,25.45
12.59,12.05,4.41,23.07
13.61,13.46,5.25,24.06
12.45,12.16,4.11,23.92
12.0,12.34,5.72,25.04
12.42,12.75,6.97,26.0
13.82,12.92,6.7,25.47
12.57,12.69,4.9,25.21
13.65,13.86,6.56,25.38
12.94,12.65,6.46,24.82
12.21,13.32,6.99,25.61
13.52,13.91,5.0,23.5
13.45,13.69,5.57,25.41
13.04,13.41,4.48,24.84
13.02,12.31,5.78,23.1
13.92,12.36,6.1,23.31
13.82,12.6,4.44,25.52
13.59,12.21,6.91,25.87
12.1,13.75,5.78,25.49
12.72,13.01,6.07,25.9
12.84,13.34,4.6,25.26
12.69,13.64,6.97,23.64
12.45,12.81,5.83,25.14
12.29,12.33,4.86,24.12
13.1,13.14,5.58,23.78
12.2,13.67,4.18,24.84
13.62,13.95,4.35,24.66
13.65,13.99,5.54,24.1
12.32,12.41,5.93,23.96
13.02,12.81,5.89,25.92
13.05,12.16,4.65,25.1
12.33,12.55,4.0,24.73
13.16,13.6,5.56,24.83
12.84,12.68,5.8,23.32
13.6,12.2,5.8,25.79
13.33,12.57,6.31,23.71
13.53,13.51,6.83,24.96
13.13,13.47,4.48,24.12
12.57,13.24,4.16,23.89
13.11,13.17,5.63,24.78
13.36,12.35,6.23,24.91
13.1,12.26,4.29,25.23
12.02,13.14,6.59,23.35
13.79,12.0,6.63,24.27
13.17,13.42,6.72,24.77
12.76,12.13,6.13,24.97
12.09,12.39,6.47,23.43
12.01,13.28,4.56,24.45
13.02,12.47,5.95,23.57
12.23,12.13,6.52,23.48
13.16,13.87,5.8,24.25
13.22,12.44,5.15,23.39
13.71,12.09,4.84,25.5
12.15,12.23,4.38,24.12
12.23,12.79,5.2,24.17
12.03,13.98,4.94,24.19
13.88,13.56,5.41,25.19
12.54,12.96,4.53,23.98
13.02,12.62,6.94,23.54
13.52,13.34,6.16,25.01
12.9,12.61,6.12,25.79
12.26,12.04,4.03,24.14
13.2,13.21,4.91,24.04
12.52,12.37,6.73,25.64
12.68,13.97,6.71,25.83
13.68,13.27,5.81,25.3
13.66,13.68,5.02,24.95
13.94,12.16,6.99,25.63
13.79,13.27,5.39,24.38
12.04,13.38,5.66,23.96
12.38,13.15,5.08,24.35
13.78,13.29,5.5,24.67
14.0,13.58,6.08,25.73
12.74,12.64,4.67,25.46
12.75,13.41,6.88,23.32
13.32,13.99,5.46,25.03
12.41,12.97,6.59,25.12
13.96,13.4,5.55,24.86
13.42,13.79,4.7,23.36
13.02,12.27,6.59,24.6
12.12,13.33,4.74,25.06
13.06,12.8,5.26,24.85
13.25,12.09,5.2,24.64
12.45,12.81,4.93,25.1
12.21,12.2,4.42,25.36
13.1,12.4,5.19,23.7
12.12,12.77,6.93,24.05
13.82,13.91,4.76,23.35
13.7,13.92,5.44,24.53
13.75,13.78,5.2,24.75
12.51,12.66,4.35,24.37
12.64,13.88,4.04,25.78
12.95,12.03,4.3,23.79
12.59,13.59,5.23,23.8
13.17,13.67,6.56,24.52
13.8,12.81,4.66,23.85
13.79,14.0,4.34,23.54
12.36,13.65,4.04,23.43
12.56,12.98,5.66,24.77
13.08,12.91,5.55,23.42
13.92,12.79,5.06,24.48
12.73,13.65,4.95,23.61
12.52,12.09,5.89,23.81
13.93,13.67,4.58,25.9
13.74,13.46,6.5,24.22
12.5,13.97,4.8,23.14
13.42,13.84,6.62,25.83
12.79,13.77,6.39,23.41
13.3,13.86,4.02,23.88
12.72,12.93,4.03,25.43
13.26,13.08,4.04,25.66
12.77,13.73,6.17,23.7
13.15,13.8,6.83,23.73
13.51,13.36,5.31,25.69
12.94,13.09,6.88,23.32
12.34,12.27,4.64,23.64
12.59,13.06,4.23,24.81
13.01,13.53,4.14,25.49
12.87,13.13,5.36,24.37
13.92,12.62,5.98,25.87
12.41,12.4,5.9,23.09
13.77,12.36,4.1,24.24
13.2,12.44,5.66,25.24
13.2,13.0,5.46,23.73
13.61,13.09,4.66,23.17
12.87,12.42,6.84,23.89
13.73,13.69,6.65,25.87
12.83,12.11,6.04,25.53
13.72,12.49,6.98,24.31
13.17,12.43,5.67,24.22
13.39,13.73,4.7,23.37
12.41,13.77,6.62,25.3
12.22,13.99,5.02,25.78
13.65,12.95,5.57,24.5
13.63,13.83,4.46,23.98
12.9,13.8,5.38,24.14
13.23,13.28,5.48,23.46
13.69,13.29,4.23,23.42
13.99,12.24,5.56,23.46
13.56,13.64,5.97,25.77
13.49,12.37,6.86,23.9
13.61,13.21,5.84,23.43
12.31,13.54,4.29,23.08
12.3,12.99,6.99,25.36
13.69,12.88,4.72,25.73
12.63,13.26,4.91,23.38
13.55,13.44,6.85,24.41
13.69,13.56,4.29,24.67
12.44,13.67,5.52,25.19
13.94,12.48,4.43,24.76
12.8,13.95,4.97,24.95
12.1,12.43,5.01,24.85
12.88,12.9,6.92,24.8
12.29,13.33,5.55,25.57
13.37,12.89,4.55,23.51
12.8,12.74,5.66,25.9
13.85,13.32,4.35,24.36
13.94,12.24,5.8,25.01
13.79,12.17,5.94,24.61
13.56,12.08,5.13,24.29
12.03,13.18,6.87,24.63
12.15,12.22,6.07,23.2
13.88,12.26,5.25,25.27
12.98,12.15,4.38,25.65
12.81,12.83,5.49,25.73
13.18,12.8,5.18,25.98
12.93,13.42,6.69,26.0
12.33,12.33,6.56,25.95
12.37,13.15,4.93,24.82
13.89,12.95,6.69,24.47
13.99,13.07,5.3,24.86
12.26,12.46,4.88,23.6
13.69,13.76,6.3,23.85
13.53,13.96,4.93,25.31
13.56,12.9,5.75,24.65
13.53,12.55,5.56,24.4
12.21,12.38,4.54,24.69
13.18,13.06,4.84,25.35
13.35,12.44,4.37,24.38
13.94,12.45,4.62,25.14
13.92,12.25,4.73,24.59
12.23,12.13,5.59,24.61
12.44,12.53,5.57,25.28
12.78,13.06,6.18,23.61
13.17,13.56,6.49,24.55
13.48,13.85,5.5,25.28
12.96,13.64,5.85,25.96
13.39,13.86,5.88,23.77
13.3,13.7,4.2,25.46
12.45,13.14,6.89,24.66
12.99,13.45,5.72,25.4
13.38,12.55,6.54,25.99
13.91,12.81,6.07,25.45
12.78,13.84,6.73,23.25
13.22,14.0,5.79,24.02
12.59,13.24,5.46,24.27
12.42,13.68,5.81,24.85
12.74,13.31,4.97,24.64
12.87,13.05,5.07,24.94
13.11,12.53,5.06,24.55
13.63,12.31,5.48,25.52
13.92,13.38,5.17,23.27
13.08,13.14,5.59,23.68
13.72,12.28,4.25,24.61
13.17,12.46,6.36,23.42
12.24,13.14,4.35,23.22
13.85,13.99,4.38,23.21
13.87,13.98,5.94,23.64
12.2,12.32,4.3,23.61
12.98,13.58,5.62,23.3
12.1,13.47,4.6,23.8
12.12,13.67,5.71,23.49
12.1,12.73,4.64,24.76
13.39,12.57,6.13,23.54
12.92,13.99,5.12,23.1
13.44,13.74,5.85,25.24
12.48,13.5,5.51,23.22
12.61,12.7,6.74,23.16
13.2,13.42,5.75,25.72
12.6,12.33,4.38,25.3
13.28,13.06,4.47,24.58
12.15,13.09,5.92,25.19
12.08,13.33,6.24,25.16
13.85,12.76,4.79,24.82
13.21,12.31,5.67,23.05
12.11,12.64,4.05,24.19
13.26,12.35,4.64,25.48
13.74,12.95,6.26,25.76
12.33,13.23,5.61,24.57
12.67,13.98,6.01,24.45
12.08,13.32,6.63,25.94
13.23,12.13,5.02,23.28
13.7,12.08,6.26,23.17
12.4,12.5,4.25,24.15
13.1,13.73,5.58,23.05
13.54,12.25,5.81,24.13
12.95,12.1,6.73,23.38
13.78,12.89,4.87,23.37
12.01,12.76,4.63,25.63
12.84,13.29,5.06,24.34
13.53,12.74,4.41,25.32
12.61,12.38,5.93,25.54
12.11,13.08,5.96,23.3
13.14,13.53,6.96,24.15
12.42,13.23,5.76,23.38
13.74,12.21,6.48,23.89
13.89,12.43,5.43,23.92
12.51,13.99,5.35,23.98
12.2,12.6,6.68,24.1
13.86,13.17,4.61,25.94
13.46,12.1,5.65,23.8
12.68,13.08,4.83,25.08
12.3,13.35,6.77,24.0
13.82,12.64,5.89,23.61
13.8,12.41,5.73,24.61
13.07,12.91,6.63,25.75
12.56,13.81,6.96,24.87
13.82,12.09,4.81,25.81
13.97,13.32,5.73,24.15
13.62,13.2,5.01,23.1
12.25,13.36,5.7,23.77
12.58,12.57,5.16,24.43
12.96,12.39,6.46,24.68
12.32,12.43,5.33,25.72
12.99,13.16,5.32,24.43
12.74,12.64,6.57,24.35
13.09,12.61,5.21,23.71
13.3,13.35,5.63,25.59
12.39,13.49,6.08,24.55
13.18,12.66,4.71,25.51
13.85,13.08,4.11,24.58
13.51,12.41,6.48,23.6
13.25,12.27,5.07,24.77
12.2,12.12,4.63,25.37
12.83,12.31,6.9,25.93
12.99,13.76,5.16,25.44
13.39,13.74,5.66,25.09
12.91,13.59,5.64,23.54
13.89,13.45,5.19,23.87
13.16,12.8,6.28,25.8
12.79,13.46,6.42,23.33
13.86,13.35,6.92,24.73
12.25,13.41,5.0,24.13
13.9,13.93,6.51,23.44
13.09,12.24,4.64,23.34
12.25,12.16,5.24,23.62
12.23,13.67,4.43,25.18
13.69,13.01,6.48,23.52
13.08,12.92,6.15,25.47
12.07,13.35,5.8,24.96
13.8,12.81,4.55,24.46
12.43,13.28,6.33,25.05
12.05,12.9,5.46,24.89
13.88,12.99,5.95,25.31
12.87,12.08,4.4,23.75
13.6,12.65,6.54,24.64
12.98,13.47,6.57,25.87
12.49,12.04,5.75,23.63
13.72,13.28,4.33,24.25
13.3,12.7,5.11,25.25
13.91,12.19,6.31,24.57
13.39,12.93,6.81,23.29
12.78,13.13,5.01,25.98
12.15,12.4,5.93,25.21
13.5,13.78,6.26,24.66
12.35,12.71,6.34,25.45
13.49,13.27,4.41,23.4
12.27,13.17,5.89,24.28
12.04,12.15,5.33,23.31
12.72,13.97,4.13,25.96
13.26,12.68,5.41,23.07
12.11,12.81,5.47,25.12
12.86,13.96,5.07,24.02
13.17,13.1,4.47,23.11
12.84,13.73,5.92,23.91
12.99,13.03,6.85,24.94
12.36,12.34,4.85,25.81
12.21,13.11,4.53,24.58
13.82,13.49,5.73,24.06
12.71,13.08,4.08,25.48
13.74,13.35,4.8,23.46
13.06,12.53,6.15,23.51
12.15,13.66,6.16,23.28
13.76,13.72,5.57,25.59
13.67,13.37,6.95,25.75
13.66,13.27,5.23,23.35
13.76,13.78,6.12,23.37
13.83,13.62,4.21,23.07
12.91,13.03,6.99,25.97
13.85,13.17,5.06,24.93
12.99,12.09,4.58,24.85
13.96,13.47,6.18,25.6
12.37,12.91,5.52,23.78
12.75,12.4,4.55,23.71
13.69,12.72,4.77,24.58
13.33,12.18,4.17,23.83
12.61,13.12,5.06,23.62
13.12,12.72,5.0,24.3
13.2,13.07,5.32,25.69
13.09,13.64,4.8,25.71
12.76,13.61,5.72,25.61
13.63,12.8,5.17,25.24
12.71,13.63,5.11,23.94
13.89,12.42,4.97,23.0
13.98,12.82,6.06,24.02
12.53,13.37,6.4,23.95
13.81,12.9,6.92,23.53
12.34,12.72,4.89,23.83
12.09,12.01,5.27,23.96
12.83,13.63,4.01,24.65
12.17,12.88,4.71,25.91
13.12,12.88,5.8,24.29
13.3,13.1,6.3,23.51
12.84,12.37,6.11,24.91
12.34,13.84,4.44,25.9
12.58,12.36,5.14,23.88
13.45,13.67,4.19,25.2
13.8,12.87,6.44,24.01
12.43,13.66,4.13,24.48
13.02,13.97,4.08,23.49
12.76,12.96,6.41,25.89
12.68,13.31,5.83,25.12
13.37,12.27,4.51,23.08
12.12,12.17,6.07,23.62
12.79,12.72,5.54,23.44
13.6,12.39,6.74,23.49
13.29,12.3,4.67,25.41
13.75,13.35,6.03,25.06
13.92,13.96,4.56,24.36
13.32,13.67,6.79,25.69
12.95,13.31,5.71,25.89
12.32,12.65,5.7,24.23
13.97,12.63,5.55,23.13
12.63,13.12,6.64,25.07
13.74,13.87,4.46,23.58
13.32,13.61,4.01,24.82
12.77,12.9,5.13,23.78
13.98,13.67,5.82,24.78
13.88,13.23,5.07,23.89
13.78,12.95,4.87,23.87
12.62,13.74,6.5,25.29
13.12,12.08,4.77,23.93
13.24,13.25,6.39,24.14
13.37,13.39,5.21,23.9
13.8,12.57,6.66,23.68
13.52,13.56,6.31,24.0
13.74,13.1,4.47,23.37
12.25,13.51,6.69,24.76
13.38,13.54,4.82,24.33
13.49,13.77,6.02,23.16
12.02,12.01,6.65,25.14
12.29,13.7,6.7,24.91
12.02,12.22,5.04,25.95
12.92,12.66,4.54,24.53
12.84,13.0,6.65,24.01
13.67,12.82,4.77,23.04
13.87,13.47,5.51,25.36
12.39,13.99,6.17,25.54
13.05,13.41,5.48,25.6
12.79,12.0,5.65,25.32
12.35,13.18,6.57,25.6
12.56,12.94,5.51,23.55
12.04,12.82,6.87,23.38
12.35,12.55,5.96,23.5
12.79,12.09,6.02,25.71
13.87,12.43,6.96,23.7
13.04,12.27,6.66,23.76
12.12,13.76,4.07,25.97
12.34,12.09,4.4,25.74
12.74,12.16,5.64,24.82
13.53,12.74,5.51,25.26
12.07,13.44,6.62,24.1
13.13,13.47,4.39,25.13
13.39,13.16,4.01,23.77
13.61,12.02,5.95,24.76
12.7,13.77,6.54,23.08
12.21,13.31,4.61,23.53
12.55,13.64,5.76,25.8
12.5,12.29,5.62,23.87
12.48,13.67,6.97,24.26
12.08,13.07,4.02,24.57
13.64,13.49,4.93,25.4
12.43,12.32,6.36,24.28
13.3,13.95,6.58,25.79
13.79,13.11,6.8,23.67
13.48,12.54,4.88,25.23
12.08,12.53,5.22,23.35
12.48,12.05,6.64,23.48
13.43,12.18,4.04,25.86
12.09,13.61,4.48,23.76
13.19,13.73,6.18,25.64
13.62,12.05,6.66,24.13
12.77,12.89,5.63,25.72
13.2,12.93,5.99,24.31
12.25,13.75,4.98,24.97
13.12,12.38,4.05,23.53
13.81,12.44,6.68,24.86
12.57,13.61,4.85,24.43
13.09,13.88,6.55,25.65
12.14,12.93,6.13,25.46
12.09,13.56,6.6,23.44
12.07,12.6,6.17,25.3
12.46,13.48,4.76,24.88
13.77,12.64,5.9,25.97
13.06,13.05,5.12,24.12
13.1,13.18,6.19,25.65
13.31,13.05,6.09,24.43
13.18,13.64,5.12,25.48
12.7,13.1,5.37,23.26
13.6,14.0,5.32,24.77
12.3,13.62,5.38,23.25
13.2,13.72,6.08,24.47
13.23,13.67,5.02,25.27
12.31,13.52,5.0,24.25
12.95,13.83,5.96,25.53
12.65,12.48,5.46,23.51
12.25,13.32,5.63,24.27
13.75,13.71,4.85,24.19
12.84,13.95,4.97,24.84
12.62,12.61,4.02,24.2
13.61,13.91,5.86,24.83
12.87,13.42,4.1,24.93
12.9,13.41,4.68,25.46
13.77,12.64,6.92,25.46
12.14,12.72,5.73,25.06
13.86,13.43,4.22,25.27
12.49,12.09,4.38,23.76
12.65,12.83,5.11,23.99
13.51,12.18,4.25,25.5
12.12,12.95,4.85,23.92
13.96,12.18,4.03,25.01
13.93,12.08,5.5,24.4
13.99,12.96,5.21,25.67
13.68,12.56,6.06,23.23
12.59,13.59,6.28,25.07
12.55,13.15,4.73,23.41
13.28,13.4,5.77,24.74
13.37,13.43,5.98,25.16
13.21,12.84,6.53,24.11
13.88,13.98,4.79,25.3
12.69,13.84,4.68,24.54
12.93,13.05,6.67,25.84
13.35,13.85,6.42,24.45
12.74,12.47,4.5,26.0
12.41,13.11,5.99,25.62
12.28,12.5,4.11,24.56
12.92,13.08,5.15,23.43
12.73,13.31,4.02,25.29
12.39,12.43,5.58,25.24
12.41,13.33,4.95,23.98
12.21,13.86,4.45,24.87
13.26,12.5,6.98,25.24
12.18,12.12,5.18,24.86
13.93,13.37,4.99,25.48
13.02,12.83,5.14,24.03
13.12,12.9,4.03,23.09
13.7,13.4,5.73,23.13
13.63,13.62,5.48,24.67
13.37,12.29,4.2,23.62
13.99,13.92,6.42,24.98
13.26,12.7,4.45,23.23
13.45,12.21,4.21,25.32
12.71,12.71,5.25,24.48
13.5,13.23,5.38,23.03
12.43,13.77,6.89,25.27
13.25,12.15,4.14,23.8
13.25,13.53,4.68,24.81
12.44,12.6,5.79,25.3
12.73,13.41,6.8,24.8
13.82,12.07,4.2,24.34
12.06,12.32,4.32,25.6
12.73,12.29,4.07,23.01
13.64,12.61,4.64,24.9
13.33,13.32,5.5,24.67
12.17,13.84,6.2,24.7
13.86,12.04,4.61,24.66
12.92,13.13,5.9,24.74
13.01,13.36,5.67,25.38
13.37,13.14,6.4,23.47
12.63,13.08,5.2,24.15
13.28,12.68,4.97,24.45
12.57,12.44,6.11,23.3
13.54,13.22,4.52,24.59
13.24,12.35,5.78,25.07
12.66,13.11,6.37,25.0
13.25,13.99,6.88,23.99
12.48,12.34,6.29,23.85
13.58,12.54,5.01,25.37
13.89,13.11,5.78,23.59
12.13,13.16,5.7,25.75
13.91,12.42,5.14,25.52
13.75,12.34,4.79,24.47
12.29,13.18,5.12,23.71
12.59,13.52,6.01,23.21
13.05,12.36,5.8,24.18
12.22,13.28,5.37,25.53
12.16,13.0,6.64,23.78
12.75,12.54,5.64,24.13
12.11,13.27,6.21,24.31
13.03,12.29,6.31,23.2
13.38,13.18,4.71,24.47
13.59,12.37,5.61,25.68
13.59,13.47,4.54,23.59
12.01,13.92,6.7,23.25
13.75,13.21,5.81,24.14
13.88,12.45,4.26,25.45
13.89,13.62,6.06,25.9
13.25,13.59,6.19,24.1
12.32,13.43,5.04,23.51
13.96,12.37,5.33,24.8
13.13,13.78,6.63,23.89
12.11,12.79,6.33,25.84
12.39,13.39,5.34,25.58
12.35,13.37,5.53,23.48
12.37,13.02,4.54,23.94
12.9,13.45,5.98,24.51
13.17,13.34,4.07,25.54
12.03,12.33,6.55,24.09
12.46,12.26,5.52,24.37
12.9,12.09,6.59,24.99
12.63,13.37,4.44,24.65
12.02,12.43,6.61,24.34
13.53,12.62,5.84,24.65
12.67,13.44,4.04,23.69
13.46,12.55,4.76,24.61
13.13,12.97,4.23,23.09
12.39,13.33,4.23,24.4
13.5,13.66,5.07,25.03
12.81,13.98,4.04,23.97
13.81,13.01,4.24,24.63
12.32,13.59,5.15,24.54
12.98,13.2,5.15,24.07
13.74,13.35,4.17,23.46
12.88,13.3,5.79,24.69
12.58,13.58,6.99,24.66
12.06,13.88,6.74,23.73
12.95,13.17,4.53,24.69
13.59,12.42,5.38,25.58
12.14,12.51,5.93,25.31
12.99,13.41,4.9,25.11
12.47,13.87,6.46,24.47
13.14,12.12,4.94,23.03
12.24,12.9,5.01,23.59
12.06,13.96,6.08,25.72
12.49,12.16,4.05,23.99
12.36,13.75,6.51,24.57
12.65,13.52,6.64,25.78
13.98,12.31,5.14,24.41
13.93,12.77,5.62,23.78
12.34,12.75,4.19,25.94
12.94,13.93,6.99,25.83
12.64,13.82,4.32,23.8
13.99,12.93,6.37,24.65
12.49,12.89,6.4,25.31
13.74,12.71,4.16,25.21
12.06,13.17,6.1,24.25
12.6,13.01,4.25,24.26
13.0,13.51,6.25,23.1
13.39,13.09,6.12,23.15
12.85,13.7,4.21,25.27
12.31,13.87,4.18,24.24
13.49,13.08,4.21,25.64
13.64,13.3,5.69,24.93
12.76,12.34,6.98,24.34
12.95,13.48,6.03,25.35
13.5,13.92,5.09,25.35
13.82,12.58,6.9,24.47
12.03,12.62,5.86,25.39
12.65,13.93,5.81,24.05
13.86,12.94,5.58,23.7
12.31,13.8,5.62,24.0
12.61,12.91,5.46,23.46
13.87,13.87,6.05,24.53
13.88,12.42,6.86,24.37
12.03,12.57,5.87,23.02
13.39,13.65,4.65,24.83
13.67,12.21,6.83,24.41
13.06,12.24,6.61,25.68
13.98,12.72,5.86,23.55
13.42,13.96,4.54,25.12
12.28,13.7,4.56,23.78
13.1,12.39,5.98,24.57
12.56,13.27,6.14,23.14
12.56,13.97,4.58,24.17
12.58,12.55,6.98,23.24
13.32,12.9,4.12,24.8
13.64,12.05,4.07,24.19
13.38,13.42,4.79,24.56
12.94,12.53,4.07,24.34
13.58,12.57,4.54,24.66
13.34,12.51,5.47,23.08
13.77,13.12,5.16,25.41
12.14,12.6,6.62,25.53
13.4,12.63,4.92,23.6
12.05,13.46,4.58,25.12
13.99,12.61,6.76,24.17
13.33,12.5,4.58,23.51
13.78,12.06,6.14,24.71
13.15,12.36,4.63,24.28
12.15,13.54,4.7,23.32
13.28,13.91,6.15,23.08
12.45,13.54,4.29,23.07
13.45,12.42,5.66,23.07
13.68,12.92,4.06,23.46
13.01,12.03,6.16,24.77
12.02,12.29,6.54,23.36
12.79,12.73,6.1,24.41
12.37,13.73,6.24,24.63
12.97,12.86,4.04,23.05
12.99,12.64,4.95,24.63
12.48,13.4,4.09,23.12
13.3,12.4,6.59,23.73
13.12,12.94,7.0,23.37
12.28,13.02,6.82,25.88
13.45,12.07,6.81,23.18
13.39,12.05,5.37,23.83
12.59,12.69,4.17,24.3
12.69,12.88,4.46,23.73
13.48,13.77,4.45,23.4
13.24,13.77,6.35,23.33
13.21,12.16,4.8,23.17
13.45,13.8,5.08,24.16
12.35,13.11,5.74,23.74
13.44,13.87,5.26,23.37
13.23,13.37,5.21,23.07
12.94,13.12,4.99,23.87
13.19,12.56,6.86,23.97
13.65,13.8,6.27,25.43
12.53,12.59,4.72,25.83
13.38,13.97,6.91,24.86
12.86,13.96,5.29,24.34
12.23,13.27,4.28,23.32
13.39,12.64,6.92,24.21
12.82,12.81,4.46,24.84
12.79,12.21,4.62,25.3
13.25,13.67,6.0,25.44
12.35,13.35,6.64,23.53
12.52,12.57,6.28,25.87
12.76,12.97,5.46,24.88
13.05,13.75,5.41,25.39
12.83,12.77,6.23,25.9
13.32,13.21,6.15,25.87
13.28,13.63,5.85,23.85
13.8,12.2,4.29,25.53
13.17,13.74,6.99,23.61
12.96,13.11,5.47,23.97
13.95,13.23,5.08,25.55
13.54,13.77,5.6,24.94
12.13,13.33,5.39,23.73
13.37,13.3,6.08,23.46
13.36,13.72,4.46,24.8
13.75,12.7,4.23,23.08
13.23,13.13,4.67,23.27
13.74,12.83,5.95,25.41
12.84,12.15,4.49,24.27
13.81,12.35,4.94,24.47
13.8,13.73,5.77,25.78
13.36,13.5,4.64,25.05
12.69,12.87,4.4,24.67
12.41,13.4,4.0,23.58
12.77,13.65,4.49,24.52
13.26,12.46,6.86,25.51
13.32,12.79,5.93,24.77
13.45,12.66,6.66,24.8
12.86,13.93,5.22,25.92
13.57,13.05,6.34,24.67
12.12,12.7,5.88,23.36
12.18,13.75,5.14,24.72
12.92,12.54,4.91,23.38
12.15,13.08,5.21,23.32
13.8,13.98,4.21,25.69
13.11,13.86,4.76,24.25
13.51,12.14,4.88,23.55
12.95,12.17,4.49,23.42
12.07,12.67,5.54,24.53
13.59,12.85,6.0,25.47
12.12,13.15,4.33,23.03
13.44,13.66,5.39,24.91
13.49,12.71,6.73,24.51
13.73,13.69,5.86,25.38
13.59,12.4,4.22,24.2
13.57,13.38,6.08,25.62
14.0,13.63,6.62,24.87
13.77,13.1,4.28,25.53
12.83,13.4,6.31,25.52
13.72,12.3,6.47,24.97
12.69,12.03,5.87,24.37
12.45,12.25,6.26,24.33
12.37,12.62,6.85,25.89
12.55,12.19,4.71,25.66
12.51,12.07,6.97,23.46
13.62,13.77,6.98,25.32
12.55,13.08,4.11,24.95
13.34,12.96,5.53,24.89
13.13,13.21,5.03,23.04
12.44,12.41,5.19,25.4
13.21,12.76,6.12,24.16
13.57,12.79,4.55,23.81
13.41,13.83,6.69,24.63
12.58,12.24,5.6,25.87
13.32,13.33,4.37,24.33
13.41,12.28,5.98,24.84
13.21,13.26,4.21,23.22
13.14,13.24,4.28,25.36
12.34,13.11,5.94,23.5
12.88,12.37,5.99,25.06
13.59,13.69,5.08,25.69
13.76,12.54,4.72,23.33
13.94,13.47,4.54,23.62
12.77,12.88,5.27,24.6
12.89,12.64,4.39,24.59
12.54,12.31,5.96,24.37
13.46,12.92,4.33,23.55
13.03,13.52,5.5,24.86
12.8,12.44,5.52,24.13
13.56,12.27,5.07,23.28
13.83,12.45,4.8,25.69
12.01,12.3,5.74,25.36
12.99,13.27,6.12,23.59
13.4,13.17,5.68,25.82
13.05,13.18,6.01,24.55
13.89,12.09,5.58,25.54
12.05,13.61,4.98,23.04
13.81,12.83,5.68,23.66
12.14,13.73,4.6,23.87
12.24,12.5,6.84,25.15
12.01,12.31,5.79,24.11
12.44,13.08,6.62,25.55
12.74,13.36,4.59,23.6
12.2,12.56,4.73,24.96
13.27,12.03,4.04,24.88
12.21,13.37,4.38,24.12
12.62,13.11,6.43,25.51
13.02,12.08,4.15,25.56
12.27,12.77,4.57,25.58
13.95,12.24,4.29,24.86
12.45,13.86,4.48,25.25
13.59,13.93,4.84,25.21
12.04,13.44,6.2,23.65
13.02,13.9,4.06,23.94
13.11,13.02,6.34,25.37
13.58,13.73,6.43,25.5
13.46,12.78,4.1,24.5
13.56,13.71,5.65,25.66
12.21,12.11,6.86,23.99
13.48,13.48,6.16,25.47
13.61,12.27,4.61,23.64
13.32,13.49,5.08,24.18
13.8,13.68,4.2,23.59
12.54,12.54,5.53,25.95
13.09,12.33,4.48,25.59
13.55,12.98,4.32,24.71
13.02,12.24,6.52,23.01
12.52,13.78,4.89,25.54
12.16,12.53,6.38,24.98
12.11,13.59,6.55,25.16
12.07,13.43,6.63,25.29
12.65,12.32,6.93,24.42
12.33,13.08,4.68,25.56
12.93,12.24,6.03,25.46
12.29,12.92,6.36,23.27
13.36,12.76,4.85,24.79
12.33,13.83,6.66,23.38
13.38,12.8,5.81,25.57
12.2,13.16,5.91,25.57
13.84,12.05,5.49,25.8
12.06,13.8,4.43,24.08
12.11,13.03,5.32,24.31
12.51,13.92,6.04,24.29
12.52,12.93,4.03,24.07
12.97,13.17,6.9,25.85
12.69,12.85,6.78,24.99
12.59,13.22,6.57,23.12
12.86,12.46,6.29,23.31
13.07,13.21,6.53,24.87
12.36,12.94,4.86,24.81
13.44,12.58,5.46,25.65
12.78,13.63,6.05,23.58
13.44,13.54,4.07,23.2
13.2,12.7,4.05,25.9
12.15,12.88,4.64,24.98
12.57,12.39,5.45,23.04
12.3,13.08,4.82,23.19
12.52,13.24,4.34,25.13
12.07,13.44,6.32,25.11
13.6,12.95,6.81,25.41
12.38,12.93,5.23,25.29
13.39,12.52,6.58,23.69
12.36,13.84,6.95,25.53
13.28,12.3,6.18,25.92
13.61,13.49,5.18,25.81
13.54,12.36,4.16,24.79
13.66,12.56,6.01,23.1
13.8,12.56,5.83,23.22
12.26,13.17,4.3,24.76
12.1,13.15,4.57,24.93
13.82,12.22,4.04,23.21
13.36,12.25,4.78,24.62
12.12,13.88,6.78,23.94
12.22,13.1,5.52,24.38
12.88,13.64,5.88,25.33
12.88,13.58,5.72,24.4
13.66,13.38,6.45,25.37
13.17,13.87,6.81,25.72
13.03,12.89,6.81,25.34
13.56,13.76,5.37,24.92
13.21,13.57,6.22,24.77
13.94,12.83,4.25,24.47
13.06,13.33,5.16,23.28
13.01,13.75,4.89,23.99
13.29,13.66,5.57,23.37
13.82,13.93,4.02,23.42
13.5,13.17,5.6,25.18
13.11,12.63,6.45,23.46
12.05,13.62,4.09,24.82
13.77,13.19,4.91,24.04
13.11,13.14,4.0,24.66
12.31,13.65,5.78,23.57
12.11,13.78,6.8,23.93
13.13,12.19,5.49,24.25
13.9,12.84,4.27,24.19
12.32,12.01,6.96,23.02
12.04,12.4,5.14,24.23
12.89,12.05,6.09,23.09
12.65,12.18,6.33,25.23
13.77,12.66,6.88,24.46
12.4,13.01,5.07,24.95
12.84,13.83,5.61,25.92
12.61,12.1,5.75,24.5
13.83,13.29,5.42,24.11
13.33,12.79,5.33,23.81
13.74,13.96,5.88,23.64
13.05,13.68,5.83,25.73
12.08,13.2,4.64,23.14
13.19,13.43,4.41,23.39
13.5,13.64,4.56,24.74
13.12,13.1,6.61,25.58
12.14,13.46,5.06,25.02
13.28,12.73,4.44,23.07
13.22,13.97,6.61,24.97
13.65,13.22,4.34,23.69
13.35,13.37,6.33,24.46
12.28,12.06,6.82,24.73
13.22,13.55,6.17,24.56
12.97,13.59,5.07,23.21
12.95,13.52,5.99,23.33
13.12,13.78,5.23,25.32
12.99,12.52,4.94,24.38
13.09,13.84,6.6,23.37
13.26,12.58,5.6,24.67
13.5,13.39,6.97,24.97
13.67,12.77,4.26,23.92
12.05,12.39,4.11,25.85
12.03,12.95,4.51,24.38
13.11,12.35,4.78,24.36
13.18,13.46,5.09,23.58
12.7,13.52,4.01,25.59
12.67,13.44,4.07,24.85
12.19,13.19,5.19,23.75
13.08,13.27,4.52,25.1
13.98,12.11,4.63,25.02
13.04,12.78,5.71,23.02
12.76,12.97,5.93,23.97
12.87,12.84,4.96,23.97
13.24,12.45,5.17,24.6
13.73,13.05,6.12,23.58
12.31,12.12,5.77,23.47
12.92,12.42,6.71,25.22
12.21,12.44,4.26,25.61
13.87,12.91,5.95,24.03
12.87,13.23,5.48,24.08
12.58,13.28,4.19,24.29
12.61,13.47,4.59,23.28
13.43,13.11,4.26,24.64
13.74,13.53,4.68,23.34
13.27,12.82,5.42,25.74
12.19,12.64,6.69,24.62
13.2,12.52,5.2,24.27
12.56,12.61,4.77,23.45
12.84,12.61,5.86,24.14
12.94,12.55,4.89,24.01
12.69,13.99,4.67,23.81
12.18,13.69,5.1,24.28
13.46,12.9,5.61,23.41
13.37,13.0,4.22,23.02
13.53,12.59,4.26,23.64
12.65,13.72,4.58,24.94
13.73,12.63,6.31,24.25
13.62,12.5,6.35,23.78
13.33,12.79,5.15,23.32
13.3,13.89,6.84,24.77
12.1,13.87,6.57,23.89
12.65,12.59,4.23,23.14
12.87,12.66,6.21,25.87
12.44,12.47,5.25,24.79
12.73,13.96,6.67,23.27
12.08,12.62,4.18,25.49
13.74,12.24,5.13,25.82
13.53,12.95,6.58,25.94
12.19,12.18,5.11,24.2
13.42,13.36,5.35,23.07
12.33,13.82,5.25,24.54
12.99,13.84,4.37,24.84
12.56,13.79,6.11,23.47
13.97,12.72,4.59,23.93
12.54,12.5,4.0,25.22
12.83,12.09,4.11,25.06
13.26,12.99,6.31,24.92
12.35,12.01,6.32,23.58
12.06,12.59,5.72,23.16
12.21,13.87,6.45,23.96
12.54,13.31,6.82,25.97
13.46,12.59,5.74,23.55
12.35,12.1,5.77,23.53
12.59,13.21,5.71,25.34
12.78,12.79,5.61,24.6
12.73,13.74,4.34,24.62
12.18,12.81,6.92,25.97
13.51,12.41,4.17,23.68
13.62,13.04,5.5,24.66
12.42,12.48,4.52,25.71
12.12,13.48,5.39,24.86
12.73,12.2,5.9,24.9
12.3,12.23,6.35,25.69
12.35,12.9,5.08,25.92
13.55,12.88,6.96,23.14
12.65,12.25,6.76,24.15
13.75,13.66,4.85,25.54
12.88,12.74,6.13,23.53
12.28,12.21,4.13,24.9
12.87,13.78,5.81,25.78
12.98,12.95,5.61,23.48
12.01,13.38,6.84,25.59
13.52,13.77,6.18,25.71
13.4,13.32,5.11,25.0
13.47,12.76,6.23,24.71
12.32,13.16,4.52,25.5
12.54,13.29,4.17,23.52
13.92,13.85,5.05,24.68
13.9,12.74,5.12,23.12
12.55,12.54,6.48,23.48
12.62,13.29,5.44,23.31
13.02,13.91,6.13,23.37
13.91,13.66,4.59,23.72
13.87,13.81,5.13,24.87
13.29,12.2,4.47,25.86
13.33,12.91,5.48,25.7
13.9,12.77,6.5,24.2
12.02,13.4,6.68,24.99
12.44,12.21,4.3,23.74
13.58,13.29,6.52,24.49
12.47,12.48,5.68,23.84
12.05,13.95,4.07,25.88
12.94,13.39,4.97,25.69
12.64,12.04,6.09,23.4
12.04,12.32,5.16,25.2
12.32,13.08,6.22,25.1
13.18,12.89,4.99,23.59
13.97,12.1,5.11,24.81
13.11,12.28,4.79,23.7
13.75,13.75,4.6,25.65
13.98,12.61,6.21,23.56
13.82,12.99,5.55,25.61
13.18,13.36,4.57,23.87
13.35,12.99,4.16,24.05
13.79,13.02,6.62,24.48
12.96,13.14,5.23,24.27
12.51,13.9,6.08,24.18
13.47,12.26,5.68,25.94
13.83,12.21,4.57,24.69
12.43,12.36,4.19,24.93
13.2,12.3,6.55,24.01
12.14,12.22,5.54,23.06
12.82,13.98,5.9,24.19
13.4,12.01,5.07,23.68
13.36,12.14,5.98,24.08
13.39,12.64,6.16,23.92
13.06,13.72,5.66,24.62
12.3,13.59,6.62,24.99
13.76,12.21,5.82,23.11
13.36,13.4,6.95,25.65
12.14,12.95,4.15,23.38
13.85,12.84,6.06,23.49
13.37,13.21,4.42,24.11
12.84,12.24,6.24,24.74
13.19,12.69,6.34,25.78
13.44,13.4,4.11,23.13
12.45,12.57,6.78,25.83
13.06,13.26,6.88,23.98
13.09,12.71,6.65,24.35
13.92,13.13,4.66,23.19
12.26,12.75,4.63,24.36
12.1,12.62,5.64,23.76
12.68,12.84,6.7,23.39
12.89,12.49,6.91,24.77
12.6,12.71,4.35,23.5
13.35,12.99,6.06,23.44
12.08,13.19,6.44,24.92
13.9,13.02,5.32,24.82
13.6,12.35,5.38,23.46
13.98,13.82,5.08,23.86
12.13,12.07,4.26,24.34
13.86,12.33,6.65,25.23
12.09,12.0,6.23,23.17
12.36,13.01,4.58,24.93
12.73,12.24,5.43,23.68
12.26,12.31,6.99,24.35
13.95,13.35,4.74,24.03
13.89,12.76,5.24,24.72
13.91,13.13,5.69,25.63
12.05,12.98,5.43,24.35
12.7,12.56,5.78,25.71
12.67,13.23,6.6,24.9
13.5,12.61,4.09,24.02
12.24,13.1,6.11,24.04
12.83,12.19,5.25,24.18
13.21,12.93,5.37,24.85
13.0,12.84,6.16,25.27
13.83,13.9,6.14,25.99
12.36,12.25,5.11,24.85
13.25,13.7,5.78,23.18
13.34,12.89,5.57,24.87
12.19,12.54,6.11,25.71
12.2,12.12,6.67,24.21
13.07,13.33,5.4,24.05
12.39,12.57,4.84,25.42
13.01,12.37,6.86,23.57
13.42,13.15,6.16,23.24
12.79,12.54,4.15,23.59
12.31,14.0,5.12,24.51
13.92,12.1,5.74,23.5
13.52,12.35,5.02,24.73
13.23,13.45,5.45,23.42
12.51,13.93,5.3,23.34
13.15,12.21,5.25,24.87
13.32,12.43,4.62,24.94
12.64,12.02,5.46,24.3
13.41,13.77,6.79,24.23
12.76,12.27,5.82,24.9
13.2,12.62,4.51,23.41
13.73,12.93,6.82,24.96
12.81,12.91,5.05,23.31
12.42,12.13,4.68,23.86
13.61,13.06,5.07,24.12
13.62,13.63,5.5,25.26
12.12,12.33,5.79,24.17
12.73,13.0,6.23,23.36
12.36,13.27,5.37,23.09
13.0,13.99,6.07,23.23
13.83,13.09,4.88,25.57
12.25,12.54,6.13,24.73
13.62,13.57,4.01,23.38
13.68,13.0,6.53,24.08
13.74,12.99,6.75,23.66
13.97,13.56,4.94,24.02
13.06,12.01,4.98,25.18
12.16,13.32,6.21,25.45
13.77,13.57,5.26,25.04
12.8,12.75,4.37,25.02
13.01,13.71,6.17,25.1
13.48,13.23,6.94,25.75
13.12,12.58,4.91,24.48
12.35,13.34,5.62,25.92
12.72,13.62,5.59,25.79
12.54,13.58,4.33,24.12
13.69,13.33,5.92,25.77
12.75,12.73,4.77,25.38
12.6,12.49,5.99,25.55
13.79,13.94,5.59,24.44
12.93,13.39,5.67,23.23
13.9,13.09,4.36,23.59
12.45,12.25,6.63,26.0
13.02,12.86,4.71,23.56
12.54,13.79,5.23,25.81
12.5,13.21,5.44,24.37
12.44,12.85,6.5,24.27
13.38,13.12,4.33,23.1
13.86,12.41,5.66,24.1
13.6,13.89,5.26,25.17
13.7,12.74,5.98,25.13
12.52,12.27,5.55,25.02
13.58,13.76,5.9,24.74
13.08,12.73,4.66,25.38
12.52,13.07,4.16,25.75
12.82,12.49,4.46,24.45
12.24,12.56,5.23,25.13
12.04,12.05,4.38,25.9
13.16,13.68,6.96,23.97
12.62,12.12,4.46,24.56
12.08,13.6,5.97,24.51
12.59,13.73,4.75,23.0
12.49,13.95,6.98,23.04
13.48,13.55,5.0,24.72
12.94,13.99,5.0,25.94
13.53,13.82,6.45,25.12
12.32,13.3,5.06,23.18
13.44,13.4,4.0,24.71
13.41,13.59,6.59,25.71
13.6,13.14,6.13,24.32
13.75,13.61,5.09,25.16
12.44,12.97,4.31,25.21
13.43,13.11,5.71,25.48
13.07,13.42,4.77,24.59
13.88,13.1,5.87,24.77
12.79,12.06,6.27,25.47
12.51,13.14,6.18,23.26
13.84,13.68,5.65,23.46
13.67,12.64,4.29,25.22
12.97,13.62,6.54,23.65
12.5,13.4,5.7,24.94
13.91,13.04,6.82,24.85
13.54,13.65,4.65,25.16
13.12,13.5,5.59,23.29
12.99,13.2,5.71,24.34
13.59,12.55,5.28,23.24
13.19,12.56,4.08,23.29
13.83,12.32,5.94,25.52
12.78,13.06,4.13,25.78
12.56,12.87,5.4,23.13
12.38,13.93,4.77,24.11
12.93,13.24,4.15,25.28
13.75,12.14,4.66,25.02
13.02,13.8,4.32,23.05
13.88,12.92,5.31,24.49
13.48,13.76,6.54,24.69
13.88,12.32,4.21,25.36
13.14,12.73,4.04,24.58
12.38,12.31,5.61,24.28
12.27,12.52,5.23,24.51
13.42,12.02,6.78,25.31
12.62,12.02,6.71,23.82
13.74,12.35,6.77,24.85
12.61,13.52,6.57,24.4
12.34,12.35,4.14,24.87
13.05,13.12,6.51,24.79
13.48,12.41,5.5,24.39
13.42,12.43,6.02,23.47
12.37,13.81,6.13,24.21
13.16,13.03,6.03,25.98
12.28,13.0,6.83,24.95
12.34,12.69,4.77,24.43
12.63,13.2,4.23,23.01
13.2,12.56,5.43,24.82
13.21,12.61,4.21,23.26
13.74,13.85,5.26,24.21
12.32,13.35,4.97,25.56
12.52,12.53,5.58,25.65
12.69,12.78,5.43,24.79
13.69,13.11,6.74,25.87
13.64,13.04,6.26,23.72
13.62,12.33,5.15,25.63
12.47,13.89,5.52,24.68
13.96,12.81,5.64,23.15
12.07,12.21,6.2,25.84
12.89,13.17,6.92,23.0
12.16,12.19,4.14,24.45
12.64,13.5,6.5,25.52
13.71,13.43,4.47,25.23
13.48,13.55,5.95,24.11
13.18,12.44,5.67,23.12
12.13,13.23,4.36,25.43
12.2,12.69,6.46,23.39
13.64,13.24,5.49,24.59
12.69,13.03,5.56,24.22
13.57,12.26,6.72,25.15
13.12,13.73,5.29,24.18
12.91,12.75,6.49,24.09
12.57,12.92,5.51,23.42
12.5,13.41,4.55,25.03
13.75,13.72,5.05,23.68
12.07,12.15,4.05,24.21
12.58,13.58,5.8,24.54
12.74,12.83,5.37,24.44
13.21,13.84,5.01,24.11
13.87,12.49,5.18,25.92
13.47,12.62,4.13,24.07
12.29,13.41,5.96,23.11
13.07,13.84,6.02,23.17
12.38,12.18,4.15,25.12
13.19,12.02,4.53,24.11
13.84,12.39,5.18,23.28
12.86,12.33,6.33,24.71
12.87,12.61,5.71,23.95
13.56,12.39,5.49,24.59
12.03,12.12,6.17,24.5
13.8,13.17,6.74,24.26
13.35,13.04,4.26,24.35
13.25,13.74,4.35,23.08
13.32,12.0,5.37,24.01
13.41,12.64,5.86,23.93
12.72,12.5,5.09,25.7
12.32,12.96,6.73,23.84
12.17,13.8,6.16,23.53
13.56,13.12,6.47,24.99
12.24,12.48,4.76,25.49
12.83,12.22,6.68,23.61
13.35,12.57,4.63,23.91
12.98,13.86,5.84,23.0
12.69,12.35,6.1,25.24
12.46,13.99,5.96,25.92
13.95,12.26,5.48,23.18
12.03,12.26,6.26,25.09
12.47,13.72,4.68,25.01
12.03,12.99,4.97,23.23
13.47,12.01,4.28,23.57
12.45,13.43,6.91,23.24
13.47,12.82,5.87,25.32
13.42,13.75,4.4,24.24
12.71,12.25,4.23,24.48
12.48,12.59,6.45,23.16
13.95,12.1,6.43,23.87
12.96,12.61,4.3,25.22
13.17,12.89,4.26,24.15
12.28,12.9,5.38,25.71
12.87,13.8,6.75,24.12
12.22,13.63,4.58,23.85
12.18,12.69,4.76,23.97
13.14,13.2,6.38,24.04
13.57,13.66,5.57,23.98
12.21,13.24,5.36,25.73
13.13,13.15,6.67,25.3
13.04,13.63,6.87,23.08
13.37,13.33,5.09,25.69
12.69,12.38,5.85,24.94
13.38,12.9,4.3,23.74
13.5,13.7,4.47,25.49
12.5,13.71,5.85,25.59
13.92,13.05,5.37,24.49
12.9,12.11,4.59,23.12
13.4,13.35,6.24,25.13
12.12,12.86,4.49,24.43
13.91,12.45,5.66,23.14
12.71,12.41,4.36,25.5
12.22,12.96,5.24,23.14
12.51,13.7,4.58,25.28
12.18,12.43,6.23,23.08
12.6,13.35,6.25,25.03
13.04,12.77,4.27,23.72
12.72,13.47,4.5,25.73
12.24,12.67,5.97,23.81
13.18,12.49,6.16,25.96
12.3,13.99,5.89,24.7
13.02,12.1,4.27,23.89
12.39,13.46,5.86,24.39
12.49,12.77,6.95,25.78
13.57,12.2,6.51,24.04
12.49,13.7,6.27,24.08
13.6,13.35,5.9,23.03
13.21,12.52,5.51,23.76
12.6,12.71,6.93,25.52
12.23,13.03,4.55,25.34
12.06,12.34,4.63,25.01
12.65,12.76,5.34,24.79
13.92,13.45,5.73,25.98
12.85,13.2,5.0,25.52
13.76,13.23,6.34,23.88
12.15,12.94,6.48,24.64
12.14,13.59,5.91,23.27
13.9,12.22,4.87,23.74
13.76,12.28,5.23,24.05
13.31,12.64,6.36,25.24
12.98,12.17,6.33,24.03
13.97,12.97,5.82,23.01
12.6,13.98,4.23,24.43
12.63,12.45,4.77,25.34
12.42,13.77,5.29,25.64
12.73,13.11,6.66,25.51
12.48,13.12,6.08,23.21
12.77,12.8,4.41,24.82
12.94,12.33,4.84,24.5
12.02,13.57,6.73,25.74
13.7,13.05,4.79,23.01
12.23,12.56,4.51,25.66
13.25,13.95,4.37,23.68
12.08,12.67,6.15,25.62
13.12,13.83,4.25,25.44
13.32,13.91,4.46,25.69
13.17,12.62,6.45,23.02
12.5,13.52,5.89,25.54
12.15,12.75,5.61,25.34
12.32,13.5,4.99,24.32
12.99,13.72,4.51,24.58
13.06,12.37,6.66,24.97
13.33,12.14,4.65,25.94
13.02,12.17,6.22,23.2
12.26,13.68,4.13,25.28
12.79,12.42,6.44,24.82
12.14,12.38,5.0,25.95
13.8,13.46,4.7,23.69
12.93,12.2,4.26,23.7
13.66,13.55,5.96,23.73
12.42,13.12,4.56,25.11
13.68,12.64,6.51,23.85
12.6,13.73,4.02,25.72
12.07,13.48,6.72,25.99
12.34,12.25,6.03,25.75
12.45,12.71,5.43,25.38
13.71,12.95,4.97,23.49
12.24,13.57,6.06,23.63
12.21,13.02,4.37,24.22
12.51,13.8,4.22,23.82
13.14,12.68,4.09,25.24
13.58,13.55,5.3,25.44
13.26,13.49,6.7,24.44
13.41,12.39,4.54,23.92
13.1,13.45,6.71,25.87
13.09,12.9,5.77,24.2
12.78,13.9,6.62,23.76
12.28,14.0,5.19,25.25
12.1,13.87,5.11,24.18
13.67,12.68,6.37,24.8
12.56,13.43,4.5,25.57
13.09,12.9,5.92,23.39
13.17,12.9,4.77,23.16
13.0,12.81,5.84,25.32
12.17,13.93,6.02,23.71
12.96,13.76,6.41,25.27
13.74,12.43,6.48,24.45
13.75,12.88,6.21,24.22
13.67,12.95,4.09,23.67
12.47,12.93,5.86,24.32
13.93,12.27,5.31,23.53
13.26,13.48,6.35,23.54
12.27,12.46,6.76,24.61
13.45,13.72,6.48,25.76
13.44,13.81,5.28,25.5
13.02,12.27,5.98,25.28
13.42,13.48,6.06,24.95
13.96,12.03,4.07,24.85
13.09,13.56,4.06,25.74
12.54,12.27,4.8,23.37
13.83,13.03,5.53,23.35
12.76,12.05,4.65,25.02
13.36,13.35,5.45,23.4
12.18,13.35,6.85,23.92
13.4,13.04,6.66,25.53
13.2,12.64,5.91,23.05
13.72,13.15,6.58,24.84
13.47,13.03,5.6,23.41
13.76,12.8,5.03,23.84
13.21,13.67,6.15,23.18
13.78,13.65,5.92,25.93
12.92,12.64,5.46,23.31
12.57,13.28,6.11,23.33
12.39,12.92,5.11,23.71
12.28,12.03,6.88,24.95
12.87,13.07,5.75,24.33
13.83,12.35,6.7,25.01
13.69,12.05,4.59,24.13
13.58,13.97,5.9,24.96
13.16,12.18,4.74,23.16
13.43,13.56,4.16,25.8
12.2,12.08,6.12,24.2
13.76,13.08,4.89,25.42
12.6,13.31,6.81,24.56
13.78,12.8,5.77,25.88
13.42,13.19,5.5,24.03
12.62,13.12,4.77,26.0
12.37,13.69,6.2,25.72
12.36,13.45,6.54,26.0
13.97,12.21,4.19,23.39
13.6,12.81,5.91,25.5
13.91,13.54,6.17,24.96
12.35,13.1,6.75,23.21
13.08,12.85,4.75,23.17
12.45,13.09,5.67,23.48
13.31,12.24,5.9,25.82
12.58,12.05,4.96,24.09
12.44,13.39,6.88,24.5
13.32,13.74,4.49,23.17
12.4,13.92,4.43,25.1
13.06,12.26,6.09,24.61
12.65,13.78,4.35,24.96
13.7,13.95,4.02,25.12
13.52,13.39,4.59,24.85
12.42,13.98,4.58,23.41
13.42,13.48,6.44,23.51
12.8,13.05,7.0,23.57
12.57,13.59,4.13,25.6
12.36,12.26,4.52,23.2
12.89,13.12,4.58,25.59
13.94,12.12,4.94,24.17
12.8,12.28,5.39,24.45
13.69,13.65,6.46,23.99
12.83,13.58,6.09,25.66
12.77,13.92,5.99,24.28
12.6,13.97,6.36,24.36
13.33,13.17,4.89,24.1
13.36,13.53,5.99,23.13
13.14,13.75,6.55,25.92
13.91,12.7,4.21,24.98
13.73,12.3,4.68,24.54
13.44,13.68,5.32,25.75
12.01,12.57,5.32,24.27
13.86,12.66,5.42,25.63
12.23,13.6,5.24,23.88
12.47,13.29,6.79,25.75
12.38,13.62,6.32,24.95
12.75,13.17,5.84,24.06
12.16,13.42,5.91,23.46
13.38,13.04,6.43,23.97
13.23,13.33,5.06,24.88
12.27,13.09,4.98,24.62
12.03,12.83,4.41,24.67
13.87,13.13,6.35,25.9
12.16,12.29,6.82,24.87
13.2,12.61,4.73,25.26
13.88,12.79,4.39,23.14
12.45,12.94,6.77,23.9
13.69,12.52,5.97,25.63
12.29,13.58,4.31,24.49
12.38,13.95,6.07,23.5
13.63,12.29,5.1,25.49
12.09,12.9,5.72,25.27
12.66,13.07,6.7,24.89
12.25,13.24,6.96,23.36
12.04,13.09,4.2,24.3
13.85,13.31,6.21,24.21
12.37,13.46,4.04,24.89
13.53,12.86,4.49,23.39
12.96,12.59,6.89,23.73
13.92,12.1,5.1,23.04
12.04,13.46,4.68,24.06
12.22,12.2,4.37,23.82
13.07,12.91,5.54,25.35
12.91,12.72,6.48,23.8
12.83,12.11,4.93,24.42
12.47,12.27,4.98,23.47
12.58,13.31,5.45,24.26
12.03,12.04,6.29,24.94
12.89,13.85,4.5,23.14
12.05,13.02,5.3,25.39
12.07,13.04,5.06,23.17
13.51,12.33,5.19,23.05
13.91,12.11,6.89,24.84
13.0,13.12,6.92,25.2
13.53,12.38,5.41,23.52
13.43,13.4,6.44,25.69
13.44,13.1,6.39,25.81
12.87,12.84,5.01,23.82
13.6,12.97,5.55,23.42
12.59,13.18,4.67,25.73
12.78,12.27,6.09,25.37
12.4,13.36,6.43,24.83
12.56,13.74,4.18,23.9
13.23,12.32,6.5,24.48
12.97,12.41,6.88,24.76
12.33,13.16,4.94,23.16
13.5,12.65,4.98,25.39
12.77,13.75,5.75,23.72
12.25,13.82,6.56,24.61
12.82,13.99,6.51,25.87
12.42,13.3,6.46,24.77
12.68,12.35,5.31,24.25
13.3,12.85,4.78,25.95
13.25,12.64,4.26,25.19
12.14,12.45,5.53,24.92
12.8,13.4,5.52,24.92
12.1,13.67,5.55,25.78
12.58,12.91,5.81,25.92
12.66,12.04,6.85,24.18
13.02,12.57,6.54,25.99
12.31,12.97,6.1,23.56
13.03,12.91,5.47,24.64
12.84,13.96,6.89,24.04
12.09,13.58,4.55,23.24
13.37,13.58,4.8,24.83
13.12,13.46,6.19,25.75
13.99,12.3,6.03,23.66
12.86,12.4,4.71,23.56
12.35,13.31,5.28,25.55
12.31,12.19,5.17,24.58
12.94,13.64,6.82,24.27
13.36,12.58,4.83,25.27
12.29,12.63,6.83,24.37
13.8,13.08,4.08,24.98
12.27,12.45,5.74,24.39
12.44,12.28,4.83,23.65
13.74,12.77,4.39,25.74
13.07,12.47,5.36,24.93
12.44,12.22,5.74,24.51
12.95,13.96,5.51,25.22
12.76,13.65,4.17,25.36
13.36,13.56,6.07,24.38
12.21,12.74,6.36,25.73
13.78,12.87,4.69,25.9
13.43,13.53,6.14,24.51
12.51,13.17,5.77,23.75
13.64,13.16,5.56,23.95
13.21,13.68,4.62,25.62
12.87,12.7,4.8,23.09
13.22,13.33,6.99,24.32
12.52,13.98,5.25,24.81
13.14,12.07,6.73,24.05
12.17,12.4,4.12,25.85
12.67,12.1,6.2,24.59
12.26,13.83,4.82,25.68
12.83,12.46,4.58,25.57
13.63,13.97,6.4,25.21
13.25,13.17,5.85,24.07
12.89,13.96,5.02,25.9
12.55,12.88,4.76,24.4
13.31,12.65,4.09,23.39
13.22,12.68,4.57,24.73
13.47,12.36,6.17,23.28
13.54,12.16,6.76,25.26
12.65,12.96,4.02,23.07
13.23,13.85,4.49,23.43
12.14,13.69,5.74,25.53
12.5,13.0,4.58,24.26
13.42,12.83,4.77,25.77
12.86,13.67,6.12,24.17
13.32,12.51,5.13,23.8
12.14,12.73,4.99,25.76
13.45,13.66,4.48,23.89
13.8,13.15,4.81,24.19
12.35,12.24,4.67,23.1
13.22,12.59,4.77,25.55
12.33,13.93,5.92,24.31
13.64,12.09,4.73,25.54
12.75,12.89,4.53,25.85
12.03,13.83,6.25,24.92
13.15,12.96,5.11,25.07
13.33,12.83,6.52,24.35
13.05,12.04,5.71,25.81
12.09,12.77,5.24,23.16
13.11,13.29,4.97,24.34
13.93,13.67,6.44,25.37
13.65,12.34,6.82,24.7
13.67,13.03,5.46,25.3
12.35,12.62,6.87,24.49
12.06,12.08,4.93,25.84
13.88,12.57,6.84,23.87
13.24,13.17,4.99,24.77
12.24,12.92,5.1,24.92
13.8,12.22,4.89,23.41
13.76,12.77,6.71,25.54
12.15,12.23,5.05,25.7
13.62,13.33,4.15,23.89
12.17,12.05,5.81,24.76
12.09,13.17,5.65,23.53
12.78,13.66,6.01,24.76
13.59,13.05,4.31,24.91
13.72,12.18,4.15,25.09
13.02,12.85,6.97,23.01
13.01,12.96,4.88,24.44
12.32,13.58,5.68,24.95
12.34,13.92,6.47,24.07
13.3,13.2,5.07,25.46
12.18,12.08,6.21,23.88
13.82,12.6,5.12,25.64
13.08,13.8,4.77,23.8
12.28,13.6,6.32,23.31
13.85,12.99,5.11,24.25
13.78,13.4,6.82,25.17
12.81,12.27,5.7,25.47
13.07,12.67,5.99,25.76
13.27,13.05,5.49,23.92
12.38,13.77,4.84,25.91
13.57,12.92,4.85,25.51
12.24,13.23,6.17,23.79
13.23,12.82,5.25,23.61
12.16,12.92,5.29,25.69
12.6,12.36,6.87,25.85
13.7,12.92,4.18,25.72
12.42,12.08,4.55,24.39
13.26,13.04,5.67,23.13
12.84,13.45,5.95,25.84
12.11,12.59,4.19,23.38
12.77,13.89,6.39,23.3
12.92,13.22,4.04,23.8
13.74,12.97,4.45,25.98
13.23,12.65,6.38,25.92
13.78,12.64,5.9,25.79
12.57,12.97,6.23,24.61
12.53,13.32,5.59,25.02
13.15,13.41,4.72,25.56
13.63,13.59,5.35,25.32
12.76,13.17,5.98,25.85
13.2,13.4,5.54,23.42
12.72,12.95,4.63,24.38
13.95,13.19,4.67,23.22
13.09,13.99,6.45,24.3
12.29,12.28,5.28,24.41
12.33,12.96,4.76,23.21
13.35,12.66,6.93,25.24
13.08,13.83,5.79,25.31
13.15,13.92,4.59,24.76
13.22,12.39,5.69,25.28
13.68,12.11,4.1,25.04
12.37,13.93,5.8,23.47
13.09,13.78,4.52,23.82
13.71,12.45,4.52,24.95
12.35,12.55,4.13,24.47
13.23,13.69,4.76,24.58
12.19,12.76,4.47,24.3
12.47,13.71,6.9,25.69
12.66,12.02,4.42,24.62
12.3,13.35,4.89,25.21
13.19,12.03,6.61,23.78
13.2,13.49,6.6,23.07
13.72,12.49,4.73,25.07
13.15,13.33,5.85,23.09
13.65,12.84,4.96,25.06
12.52,13.57,5.65,23.76
12.59,13.47,4.0,23.97
12.1,12.92,5.63,24.0
13.24,13.04,4.65,23.95
12.57,12.23,6.02,25.05
13.05,13.66,6.8,23.14
13.09,12.73,6.55,23.88
12.85,12.11,4.4,24.08
13.46,13.34,5.19,23.85
13.58,12.12,4.87,23.97
12.24,13.87,5.57,24.2
12.39,13.38,6.91,25.21
12.41,12.25,5.09,25.16
13.64,13.57,6.51,24.99
12.92,12.99,6.32,23.59
13.18,13.41,6.38,25.16
12.38,13.92,4.08,23.53
13.98,13.35,6.2,24.19
12.76,13.36,6.22,23.38
12.53,13.75,4.69,25.64
13.38,13.51,4.82,24.29
13.56,12.72,5.37,23.71
13.8,13.51,5.01,23.37
13.26,12.92,6.13,24.87
13.28,12.69,4.58,24.4
13.3,13.99,4.04,25.59
12.23,12.51,5.58,25.34
12.1,12.94,4.15,24.9
12.72,13.05,4.97,25.11
12.17,12.44,5.11,23.54
13.44,12.83,4.38,25.75
12.11,12.58,4.01,24.86
13.29,13.07,6.65,24.77
12.13,12.88,4.92,23.68
12.32,13.52,4.93,25.26
13.42,13.25,6.42,24.12
13.53,12.05,5.99,24.6
12.38,12.06,6.19,25.83
12.1,13.89,5.18,24.08
13.31,12.47,5.6,24.27
12.58,13.28,6.8,23.07
12.69,13.51,4.51,24.8
13.72,13.72,6.4,23.32
13.07,12.68,5.63,23.34
12.43,13.38,6.76,25.94
12.74,12.07,4.72,25.95
13.61,12.22,4.64,24.46
12.32,13.24,6.36,24.27
13.82,13.19,6.68,24.27
12.59,12.76,5.31,25.62
12.41,12.77,6.86,23.66
13.55,12.02,6.19,25.65
12.62,13.53,5.18,23.6
12.61,13.67,4.39,24.89
12.64,12.61,4.5,24.59
13.15,13.19,5.29,25.13
13.56,12.76,5.74,25.06
12.51,13.81,5.03,23.75
13.04,12.6,4.77,25.04
13.26,13.26,5.19,23.0
13.38,13.0,5.9,24.59
13.78,13.15,4.16,25.85
12.46,12.23,6.97,24.51
12.75,12.47,4.32,23.28
13.74,13.68,4.61,25.54
12.96,13.14,6.65,23.72
13.38,13.79,4.21,25.61
12.72,12.74,4.25,23.63
13.0,13.53,4.06,24.08
12.22,13.95,4.7,24.2
13.83,12.09,5.66,24.36
13.32,13.63,5.26,25.74
12.1,12.34,6.98,23.81
13.26,13.89,4.29,25.79
12.7,12.49,6.59,23.37
13.9,12.57,4.4,24.75
12.52,12.11,4.26,24.04
12.87,12.31,5.12,24.28
13.1,13.19,5.07,24.03
13.04,12.53,5.05,25.64
12.39,13.81,6.77,25.88
12.28,12.52,4.97,23.78
12.45,13.17,4.2,23.53
12.38,12.02,5.64,25.54
12.17,13.82,4.81,23.17
12.54,13.33,4.54,23.93
12.39,12.14,6.5,23.57
12.3,12.9,5.3,24.23
13.5,12.2,4.91,25.25
13.43,12.34,5.04,23.02
12.53,12.06,6.53,23.16
13.92,13.36,5.92,23.74
13.04,13.36,5.01,25.44
12.05,12.99,5.04,25.12
13.18,12.38,5.88,25.18
13.89,13.91,6.83,25.52
13.48,12.59,4.03,24.32
13.04,12.67,4.25,23.43
12.02,13.51,5.91,23.07
12.28,12.67,6.14,23.57
12.45,13.12,4.42,25.91
13.3,12.39,5.5,23.27
13.78,13.56,6.67,25.34
13.35,12.64,4.19,24.43
12.66,13.11,5.3,23.51
12.06,12.28,5.33,24.19
12.3,13.72,6.21,25.46
12.42,13.23,4.07,23.62
13.87,12.09,4.07,24.16
12.65,13.77,6.07,24.84
13.87,12.67,4.47,23.73
13.37,12.57,4.83,25.1
13.42,13.3,6.78,23.7
13.22,13.9,6.42,25.39
12.27,12.11,5.18,24.11
12.46,12.57,4.13,25.74
12.65,12.01,4.03,25.72
12.45,12.78,6.54,24.29
13.27,13.49,4.81,25.61
13.24,13.46,4.79,24.8
13.64,12.22,6.26,24.78
13.83,13.48,4.04,24.59
12.74,13.91,6.55,24.31
13.85,12.38,5.5,24.08
13.69,12.13,5.42,24.68
12.59,13.41,6.34,25.27
12.69,13.56,4.29,25.43
12.33,13.82,5.42,23.09
13.85,13.56,4.53,24.5
13.08,12.67,4.4,23.4
12.82,13.77,6.38,24.36
13.46,13.64,5.43,25.07
13.11,13.55,4.5,24.8
12.67,12.36,5.74,23.74
12.93,12.5,5.11,25.23
13.55,13.63,4.53,24.6
13.81,12.72,4.54,23.59
12.56,13.19,6.1,24.96
12.66,13.7,6.1,25.15
13.23,12.58,4.44,23.77
13.4,12.44,4.49,23.65
13.09,13.25,6.83,25.71
12.47,12.74,5.79,24.72
13.64,12.38,5.83,23.38
12.03,13.47,6.99,25.24
12.67,12.3,4.7,23.4
13.95,12.78,4.11,25.93
13.98,13.94,6.1,24.94
13.02,12.78,5.26,23.88
12.63,12.92,5.44,25.73
13.68,12.11,5.71,24.64
12.72,13.88,5.28,23.57
12.74,13.57,5.25,23.14
13.99,12.68,5.56,25.62
13.05,12.47,4.75,25.15
12.7,12.39,5.27,24.25
12.59,12.65,4.61,25.42
13.75,13.65,4.74,23.67
12.76,13.99,4.53,24.51
12.91,12.87,6.83,23.19
13.03,13.67,6.61,23.83
13.88,13.28,4.12,23.42
12.24,13.49,4.8,25.89
12.3,13.81,6.94,23.89
13.36,12.46,5.02,23.26
13.65,13.31,6.7,25.06
12.83,13.38,4.93,25.27
13.79,13.41,6.87,25.63
12.14,13.61,4.68,25.02
12.54,12.99,5.42,25.47
12.57,12.51,6.86,23.99
13.03,13.61,4.87,24.98
12.22,14.0,5.69,25.1
12.93,13.97,5.31,24.67
12.1,13.31,4.53,24.88
13.06,12.83,4.39,25.98
12.33,13.09,6.02,25.35
13.93,13.45,6.9,25.27
13.88,12.21,5.3,23.52
13.8,12.12,5.71,23.16
12.27,12.0,5.01,25.79
13.6,13.82,6.35,23.36
12.49,13.94,5.56,23.54
12.96,12.39,5.42,23.09
12.16,13.83,6.78,24.48
13.87,12.2,6.84,24.69
13.57,12.62,6.39,25.07
13.65,12.91,4.98,23.74
12.4,12.01,5.94,23.64
12.46,13.7,6.26,25.24
13.83,13.92,6.8,23.23
12.7,12.92,6.02,25.85
12.3,13.56,4.62,23.49
13.35,12.24,5.73,25.88
12.34,12.12,6.94,25.81
12.1,13.62,5.32,23.98
13.15,12.1,4.89,23.65
12.93,12.61,6.99,23.67
12.86,13.71,4.47,25.84
12.03,13.16,6.81,24.35
13.22,12.61,5.67,25.2
12.74,12.58,5.3,23.91
12.08,12.72,5.86,25.08
12.31,12.1,5.31,23.91
13.96,12.62,6.36,23.32
12.98,13.81,6.62,25.42
12.96,13.25,4.27,24.17
13.12,12.92,4.46,25.0
13.69,13.58,4.74,23.75
12.0,12.25,4.35,25.59
13.47,13.19,5.12,24.32
13.59,13.65,5.64,24.03
12.96,12.24,6.61,25.38
13.69,12.31,5.87,25.95
12.04,13.55,6.23,23.21
12.5,13.68,4.33,25.39
12.33,12.56,4.77,23.44
13.97,13.81,5.21,23.25
12.09,12.01,6.75,23.86
12.81,12.55,6.02,24.26
12.03,12.23,5.47,23.68
12.74,13.2,4.73,24.39
13.55,13.87,5.63,25.54
12.75,12.93,4.08,25.11
12.9,13.32,5.76,24.32
12.33,12.74,6.92,23.14
13.84,13.42,6.16,23.22
12.06,13.82,4.03,25.63
12.95,13.71,5.73,24.25
13.89,13.85,4.47,25.69
13.36,13.4,5.29,25.45
12.36,12.45,6.29,23.77
12.13,12.44,4.58,25.98
13.06,12.97,4.96,25.58
12.94,13.17,4.83,24.31
13.04,12.64,5.28,23.42
12.71,13.79,6.67,23.68
13.09,13.02,4.06,24.45
13.78,13.33,4.21,25.61
12.05,13.51,5.06,23.88
13.96,12.6,5.28,24.61
13.7,13.32,6.03,25.26
13.85,13.1,6.15,24.37
12.77,13.25,4.2,24.52
12.21,13.89,4.05,24.41
12.45,12.19,4.68,25.19
12.57,13.6,4.83,25.09
13.33,12.13,5.53,23.14
12.73,12.65,5.01,24.48
12.38,12.29,5.01,25.83
12.02,12.42,5.5,24.65
13.05,13.23,4.0,25.4
12.64,12.86,5.82,25.43
12.16,13.43,5.26,24.77
13.69,12.18,4.62,23.05
13.52,12.37,4.62,25.24
12.06,12.06,6.6,23.55
13.63,12.43,6.12,25.56
13.87,13.43,6.87,24.73
12.5,12.19,4.43,25.2
13.51,12.22,6.19,25.05
13.94,12.51,4.49,25.78
13.18,13.73,5.75,23.44
12.2,13.61,6.51,24.21
13.74,12.08,4.36,24.17
13.81,13.17,4.28,24.53
13.82,12.6,5.97,23.45
12.74,12.37,4.61,24.48
12.29,13.07,5.36,24.1
12.38,13.73,4.31,25.78
12.5,12.76,5.11,25.07
12.23,12.62,5.55,25.51
12.09,12.01,5.43,23.01
12.9,12.45,5.19,25.06
13.64,12.83,5.61,23.55
13.52,13.11,6.27,24.98
12.66,13.89,6.55,23.42
12.43,13.13,6.51,23.05
13.74,12.32,5.18,24.67
13.22,12.96,4.09,25.36
13.49,13.5,4.27,25.0
13.04,13.76,5.47,24.64
13.83,12.31,5.43,24.68
13.99,13.22,6.53,24.14
13.0,12.8,6.36,24.9
13.52,13.94,6.74,23.84
12.11,13.36,5.26,25.73
12.13,13.8,5.86,24.03
13.68,13.65,5.45,23.82
12.79,13.33,6.59,24.45
13.21,12.11,4.03,23.94
13.17,13.6,4.27,24.23
13.11,13.61,5.53,23.73
13.6,12.6,6.18,24.01
13.16,13.48,6.08,25.91
13.35,13.68,4.37,25.55
13.41,13.57,4.57,23.45
12.76,12.33,5.43,24.48
12.49,13.43,6.68,24.67
12.04,12.98,5.34,25.1
12.69,13.22,6.52,24.91
13.0,12.58,5.16,25.11
14.0,12.27,6.84,25.59
12.49,13.38,5.25,24.9
13.08,12.39,6.21,25.41
12.15,12.18,4.11,24.72
13.56,13.47,4.49,23.14
13.97,13.39,6.31,24.55
13.58,12.45,5.51,23.02
12.85,13.9,6.84,23.85
13.2,13.31,5.29,24.47
12.94,12.29,4.62,24.55
12.23,13.77,6.79,25.98
12.1,13.93,6.33,23.69
12.73,12.45,5.82,25.35
12.64,12.21,6.87,24.22
12.46,13.56,6.11,23.79
12.34,13.75,6.38,24.6
12.12,12.79,4.73,23.08
13.81,12.49,5.68,24.49
12.01,13.65,5.01,24.06
12.85,13.39,4.86,24.74
13.32,12.93,5.11,24.08
12.85,13.41,4.41,24.75
12.5,12.56,6.69,24.07
12.5,13.86,4.35,23.04
12.53,13.67,5.41,23.59
12.47,13.19,5.76,23.57
12.25,12.52,6.4,25.34
13.88,13.17,5.89,24.81
12.79,13.34,5.56,25.06
13.58,13.63,6.32,24.07
13.53,13.67,4.77,25.97
13.03,13.53,4.35,25.33
12.52,12.77,4.94,23.78
13.27,13.74,5.35,25.95
13.68,13.71,5.62,23.66
12.28,13.34,6.44,23.66
12.93,12.78,4.01,24.83
12.41,13.09,5.35,24.4
12.03,13.48,4.67,25.3
12.03,13.27,6.79,25.17
13.97,13.15,5.29,24.11
13.74,13.95,5.94,24.97
13.69,13.64,5.81,24.68
13.17,13.21,4.36,23.3
13.32,13.09,6.11,25.04
12.64,12.97,4.79,25.6
13.74,13.84,5.58,25.6
12.79,12.31,4.04,25.56
13.82,12.21,6.1,25.43
12.95,12.82,6.17,24.6
12.2,12.53,6.75,23.17
13.81,12.01,6.19,25.08
13.92,12.03,5.45,23.63
12.82,12.92,4.3,25.92
12.19,12.27,5.76,25.9
13.2,13.44,4.42,23.37
13.69,13.55,4.68,25.04
13.09,12.47,6.82,25.54
13.29,13.94,4.03,25.82
13.73,13.96,5.54,23.85
12.74,12.1,6.01,24.35
13.28,12.71,6.13,25.51
12.5,12.14,6.22,23.58
13.64,12.12,6.0,24.22
12.72,13.62,4.12,23.43
13.35,13.85,4.57,24.7
12.56,13.01,5.77,24.73
12.87,13.1,5.62,24.25
12.75,13.07,5.98,23.71
13.74,12.35,5.22,23.31
12.39,13.55,5.81,25.19
12.23,12.74,5.3,25.9
13.06,12.77,4.78,25.19
13.14,13.31,4.68,23.03
13.23,12.33,4.96,25.11
12.66,13.72,6.4,25.17
13.06,12.59,6.02,25.91
12.24,12.07,4.88,25.88
12.76,12.58,5.28,25.0
13.36,13.32,6.28,25.5
12.79,13.64,6.15,25.42
13.37,12.61,4.47,24.08
13.6,12.67,5.48,25.93
13.82,12.38,6.9,24.44
13.67,13.18,4.14,25.13
13.9,13.56,6.21,24.83
12.48,13.44,4.01,24.45
12.11,12.15,4.65,24.3
12.97,13.53,4.37,23.16
12.86,12.13,6.34,25.04
13.63,12.59,6.57,25.96
13.72,13.35,6.14,25.36
13.61,12.06,4.06,24.26
13.73,12.47,6.33,23.25
13.15,13.13,4.89,25.91
13.51,13.53,5.23,23.57
13.07,13.71,4.97,24.62
13.09,13.94,5.83,25.63
13.0,13.87,5.24,24.69
12.99,12.78,6.63,23.06
13.94,12.12,6.34,25.68
13.02,12.75,6.56,23.62
12.21,12.72,4.39,24.55
13.35,13.62,6.23,24.59
12.71,12.18,6.55,25.94
13.56,12.39,4.99,23.5
12.3,13.71,5.79,23.16
13.75,13.26,5.3,23.9
13.64,13.37,6.05,23.1
13.15,13.56,5.87,24.98
12.99,12.15,4.22,23.21
13.06,13.0,4.24,23.48
13.52,13.3,4.2,23.32
13.68,13.22,6.39,25.6
12.16,12.81,5.43,25.39
12.16,12.64,5.99,23.87
12.72,13.03,5.52,24.21
13.41,12.26,6.4,23.09
13.21,12.41,6.83,23.63
13.49,12.79,4.53,24.02
12.93,12.51,4.88,24.45
12.27,13.19,4.73,24.18
12.95,13.14,5.91,23.27
12.92,13.31,5.2,23.4
13.65,13.96,6.23,24.75
12.54,12.17,5.47,23.91
13.99,13.24,4.23,24.32
13.83,13.8,5.97,23.85
12.34,13.69,4.39,24.68
12.65,13.33,6.59,23.21
14.0,13.7,6.01,23.69
13.74,13.63,5.14,23.06
12.68,12.53,6.75,23.02
13.73,13.43,4.51,23.08
13.86,12.09,6.72,25.84
12.26,12.61,4.89,23.52
12.71,13.39,6.06,25.48
13.89,12.75,6.13,25.66
13.3,12.49,6.24,24.85
13.74,13.27,4.14,24.33
12.66,13.86,5.57,23.17
13.35,12.75,4.61,23.47
12.4,12.41,6.2,25.13
13.15,13.19,4.86,25.33
12.7,13.4,5.33,24.1
12.96,13.86,6.64,25.71
12.77,13.52,5.04,23.17
13.65,13.42,6.06,23.83
13.04,13.47,5.86,24.61
13.25,12.06,6.41,24.45
12.4,13.08,5.81,24.56
13.11,13.06,5.9,25.42
13.96,13.32,6.91,24.48
12.71,13.44,6.51,25.41
12.2,13.19,4.13,23.86
12.61,13.17,5.9,25.48
12.12,12.74,4.07,24.07
13.0,12.34,6.28,24.41
13.48,12.66,6.54,25.68
12.73,12.96,5.24,25.03
12.02,12.95,6.31,25.55
12.69,12.22,5.66,23.87
12.22,13.69,6.53,24.16
12.75,13.2,5.09,24.22
12.81,13.26,6.73,24.35
12.35,12.42,5.71,23.8
12.56,13.68,6.03,24.4
12.1,13.3,4.23,23.04
13.33,12.13,5.81,25.83
12.55,13.68,4.33,24.89
12.38,12.47,6.97,25.57
13.15,13.78,6.0,23.11
13.32,13.68,6.86,23.56
13.39,13.94,6.77,25.32
12.71,13.7,4.43,24.8
12.81,13.87,6.85,24.64
12.64,12.42,4.28,24.01
13.87,13.78,4.45,23.36
13.8,13.87,5.39,24.84
13.59,13.71,4.4,23.97
13.24,13.8,5.97,24.72
12.09,13.21,5.95,25.31
13.37,12.1,6.88,24.73
13.06,13.76,6.78,24.95
13.91,12.25,4.27,24.85
13.22,12.01,5.27,24.53
12.74,13.5,4.55,24.06
13.65,12.48,5.14,24.89
13.97,12.53,4.49,25.91
13.0,13.27,6.78,24.94
13.56,12.65,6.45,24.43
13.4,12.9,6.44,25.01
12.64,13.42,4.82,24.51
13.95,13.43,6.53,24.59
13.19,12.24,4.53,23.91
13.23,13.67,4.21,23.38
12.44,12.65,5.95,25.07
12.83,12.71,5.32,23.25
12.32,12.41,4.37,25.19
12.22,13.27,4.99,25.35
12.22,12.4,5.3,24.88
12.31,13.36,4.23,25.13
12.69,13.47,4.34,23.19
13.17,13.51,5.88,24.88
12.39,13.99,5.04,24.59
12.02,13.43,4.66,24.36
12.39,12.25,6.32,24.7
12.77,13.7,4.48,25.28
13.78,13.01,6.13,25.98
12.28,13.28,6.5,25.83
13.09,13.32,5.03,24.62
12.17,13.17,4.9,24.09
12.45,13.76,4.67,24.93
13.5,13.37,4.97,24.15
12.95,12.12,4.32,24.77
12.28,13.23,5.57,25.17
13.01,12.27,5.11,24.27
13.05,13.23,4.6,24.97
12.66,13.7,5.05,25.05
13.29,12.58,5.98,23.81
12.3,12.24,6.15,25.74
12.18,12.74,5.33,25.12
13.47,12.85,5.48,23.02
12.94,13.64,5.68,23.11
12.38,12.21,4.97,23.37
12.48,12.9,6.75,23.44
12.87,12.54,5.18,23.2
12.08,12.76,4.37,23.78
13.88,12.84,6.04,25.09
13.12,13.72,5.5,25.41
13.32,13.34,5.75,24.2
13.43,12.17,5.37,24.39
12.96,12.24,6.54,25.62
13.34,12.54,4.56,24.08
13.89,13.88,5.34,23.83
13.16,13.73,5.8,24.51
13.45,12.33,6.48,23.55
13.27,13.28,4.72,24.26
13.51,12.74,6.97,24.59
12.66,13.32,5.77,25.24
12.34,12.35,6.94,23.8
12.23,12.88,5.59,24.04
12.98,12.26,6.54,23.18
12.03,12.42,5.31,23.38
12.78,13.29,6.88,25.92
12.37,12.49,4.54,23.35
12.71,13.43,5.84,24.89
12.66,13.92,5.91,25.4
12.63,12.01,5.75,25.34
12.11,13.3,6.38,23.51
13.06,12.94,5.54,23.54
13.96,12.68,5.11,24.5
13.56,13.39,6.98,23.66
12.33,12.63,6.07,24.21
13.2,13.03,5.61,24.72
13.06,13.24,4.75,23.68
12.42,12.83,5.06,23.6
13.69,13.36,6.51,23.59
12.86,13.56,5.5,23.49
12.74,13.24,6.05,23.63
13.49,12.09,5.03,24.48
12.01,12.41,4.34,23.22
13.64,12.65,4.6,25.57
13.93,13.74,6.3,25.97
13.59,12.79,6.62,24.52
12.13,13.34,6.44,25.49
12.29,12.51,6.55,25.15
12.13,13.51,4.11,24.19
12.94,13.17,4.67,23.39
12.84,13.98,5.65,23.24
13.32,13.51,6.71,25.94
12.03,12.38,5.09,23.79
13.09,12.66,6.89,25.39
13.75,12.28,6.42,25.36
12.74,12.88,5.95,23.89
12.87,12.99,5.94,25.38
12.14,12.24,5.72,23.8
12.18,12.62,5.49,23.01
13.46,13.85,6.09,24.21
13.49,13.82,5.5,23.78
13.54,12.47,6.84,24.94
12.58,12.56,4.01,25.56
13.96,13.13,4.96,25.83
13.62,12.6,6.65,23.74
13.47,13.39,4.47,23.97
12.36,13.45,6.85,24.14
13.12,12.51,6.73,23.95
12.81,12.38,5.49,24.53
13.99,13.45,6.33,23.29
13.76,12.66,5.03,24.26
13.61,12.35,4.42,24.29
13.77,12.54,5.25,24.53
12.36,12.21,5.34,24.63
14.0,12.7,6.77,24.48
12.4,13.06,6.44,24.55
12.83,13.37,4.9,25.17
12.24,13.82,5.74,24.31
12.85,13.19,4.79,23.48
12.27,12.37,5.33,25.63
13.74,13.66,4.16,24.05
13.77,13.93,6.36,25.23
12.99,12.61,5.02,24.53
12.28,12.26,4.28,24.67
12.72,12.82,4.57,24.45
13.39,13.44,6.3,25.15
12.68,12.69,4.38,25.52
12.22,13.26,4.97,24.35
12.12,12.29,6.0,24.21
12.64,12.71,6.85,24.77
12.34,13.55,4.52,25.52
13.54,13.29,5.0,25.64
13.92,12.4,6.63,25.14
13.18,12.74,5.17,23.18
13.66,13.11,4.75,24.64
12.44,12.76,5.92,25.51
13.85,12.07,5.86,25.04
12.84,12.18,6.25,23.81
13.73,13.12,5.81,24.35
13.37,12.94,5.68,23.2
12.41,12.31,5.46,25.63
13.34,12.49,5.83,23.23
12.98,13.04,5.69,24.47
13.63,12.18,4.03,24.91
13.94,13.62,5.23,24.54
12.36,12.41,6.5,25.64
13.95,13.11,6.53,23.14
12.85,13.53,4.1,25.09
12.99,12.02,5.83,24.02
12.75,13.37,6.13,24.97
12.87,12.01,6.14,25.48
12.67,13.85,4.88,25.85
12.83,12.17,4.57,24.38
13.96,13.22,6.33,24.78
12.55,12.45,4.44,24.65
13.78,12.94,4.42,24.33
13.48,13.37,5.33,25.67
13.3,12.22,5.16,23.74
13.71,13.08,5.57,24.16
13.8,12.8,5.46,24.57
13.31,13.86,5.28,25.61
13.74,13.54,6.15,23.94
12.82,12.87,6.89,23.23
13.23,12.21,6.45,23.84
13.77,13.31,5.04,25.96
13.54,12.09,5.89,24.3
12.27,13.88,6.7,23.17
12.91,13.17,5.95,24.06
12.88,13.98,4.43,23.42
12.06,12.36,6.99,23.99
12.14,13.73,5.6,24.36
12.66,12.2,6.94,24.12
13.25,13.3,4.52,24.34
12.47,13.48,4.91,25.91
13.56,12.38,6.42,24.62
12.35,13.38,6.71,24.57
13.74,12.61,6.95,25.81
13.15,13.8,5.45,25.24
13.64,13.22,6.64,23.54
12.51,13.9,6.18,24.17
13.57,13.16,6.66,23.11
12.3,12.47,4.06,24.73
12.6,12.41,6.51,24.08
12.35,13.0,4.69,25.04
13.09,12.24,4.89,23.0
13.86,13.83,4.35,24.18
12.03,12.96,5.39,24.98
13.72,12.55,4.92,23.52
12.98,12.19,4.32,25.06
12.26,12.13,5.8,25.23
12.95,12.84,6.35,24.25
13.98,13.01,6.08,25.81
13.35,12.59,4.35,23.09
13.95,13.22,5.76,24.17
13.01,13.73,5.99,25.66
12.8,13.09,5.59,24.54
12.19,12.44,4.86,24.2
13.82,12.9,4.4,24.73
13.68,12.38,5.62,25.01
12.09,13.83,5.25,24.82
12.03,13.41,6.55,23.62
13.19,12.58,5.72,24.86
13.35,12.28,4.54,24.37
13.64,12.74,4.98,23.47
13.59,12.8,6.23,24.12
12.29,13.95,5.66,25.7
12.47,12.33,6.26,24.83
12.49,12.67,6.6,25.26
13.33,13.49,6.25,25.1
12.46,12.17,5.74,24.97
12.26,12.26,4.62,25.65
13.74,13.64,4.06,24.27
12.75,12.85,4.03,25.72
12.59,12.58,5.96,24.81
13.63,13.12,5.13,23.02
13.11,13.91,5.83,25.69
13.86,13.65,5.04,24.16
12.32,13.35,4.22,25.66
12.09,12.88,6.63,23.65
13.31,13.19,6.43,25.91
13.36,13.93,4.72,25.45
13.95,13.41,4.5,23.5
13.47,12.07,4.26,24.74
12.93,13.72,5.12,23.64
13.13,13.05,5.18,25.04
12.84,13.87,4.45,23.69
13.91,12.22,4.22,25.16
13.74,12.69,5.51,25.96
12.0,13.46,6.23,24.79
12.65,13.59,5.64,23.38
13.67,12.43,4.16,24.72
13.87,12.87,6.56,23.36
12.66,12.04,5.94,24.29
13.14,13.49,6.19,24.54
12.73,13.62,6.04,25.01
12.43,12.84,5.38,25.58
13.82,12.07,5.69,24.49
12.42,13.84,6.11,24.54
12.46,12.74,6.49,23.1
13.77,13.08,6.15,25.75
13.97,12.83,4.79,24.97
14.0,13.6,5.06,23.64
13.75,12.02,4.24,24.72
13.43,12.93,4.84,23.26
12.85,12.85,4.13,25.95
12.85,12.39,5.87,25.99
13.18,12.4,6.08,25.28
12.89,13.93,6.88,24.11
12.01,13.15,4.55,23.4
13.94,12.01,6.61,25.08
12.01,12.08,5.23,23.22
13.57,13.17,6.14,24.05
13.57,13.74,5.97,25.88
12.72,13.19,6.46,23.7
13.27,13.27,4.93,25.27
12.96,12.26,4.83,25.36
13.28,12.07,5.95,25.53
12.86,13.99,4.91,24.6
13.85,12.1,4.7,24.61
13.54,12.74,6.51,23.57
13.64,13.23,5.06,23.81
13.82,12.05,4.3,25.81
12.95,12.91,5.39,25.59
13.75,13.95,5.07,23.21
13.77,13.08,5.92,25.16
12.89,13.14,6.92,24.89
12.82,12.71,5.13,23.62
12.6,13.47,4.26,24.44
13.75,12.97,6.49,25.57
13.51,13.78,6.9,23.27
12.12,13.71,6.1,24.09
13.19,13.28,4.18,24.45
13.4,13.52,6.99,25.68
13.03,13.14,6.72,24.76
12.89,12.92,6.96,24.55
12.91,12.94,5.97,25.31
13.71,13.52,5.96,24.78
13.93,13.3,6.26,25.02
13.31,13.64,4.01,25.85
12.84,12.8,6.44,24.21
13.17,13.53,6.12,23.95
13.43,12.96,5.68,24.4
13.66,12.9,5.79,23.47
12.4,13.03,5.68,23.11
13.02,13.46,6.44,23.36
13.56,13.59,6.56,23.21
13.82,12.06,5.68,24.04
12.73,13.31,6.98,23.98
13.32,13.33,5.56,23.51
12.55,12.47,4.85,24.38
12.32,12.33,6.55,25.3
13.4,13.41,6.98,24.28
12.6,12.06,6.6,24.78
13.85,13.32,5.31,24.58
12.33,12.77,4.46,24.97
12.17,12.03,5.95,25.93
13.27,12.78,4.78,23.71
13.87,12.23,6.79,25.83
13.02,12.92,6.57,23.24
12.22,12.25,5.05,24.94
13.27,12.91,6.58,24.12
13.32,12.11,6.27,25.61
13.96,12.4,5.9,24.35
13.51,12.34,5.45,25.39
13.89,12.14,6.69,24.37
12.41,13.64,7.0,23.54
12.67,13.79,4.01,24.47
12.14,13.16,6.75,24.35
12.02,13.39,6.55,24.75
13.34,13.58,5.44,23.1
12.88,13.27,5.43,25.35
13.64,13.29,5.62,25.99
13.5,12.69,6.02,23.24
13.07,12.54,4.53,24.64
13.1,13.92,6.86,25.11
13.78,13.08,5.58,24.89
13.03,12.14,6.8,24.76
12.83,13.06,4.59,23.78
12.72,12.46,5.3,25.71
13.72,13.38,5.32,25.77
12.94,13.63,4.43,24.03
12.61,13.3,4.62,24.24
12.43,13.27,5.78,25.15
13.05,13.04,4.62,25.15
12.86,12.36,5.6,24.38
12.85,12.02,6.38,24.46
12.45,13.01,6.29,24.54
13.13,12.17,6.72,24.48
12.99,13.42,5.01,25.78
12.73,13.96,6.6,25.75
13.06,12.76,5.86,23.05
12.13,13.79,6.78,24.47
13.23,12.65,4.32,24.94
12.14,13.15,5.42,25.41
13.46,12.34,6.5,24.89
13.36,12.27,4.65,25.71
12.47,13.44,4.64,24.22
13.8,12.54,6.13,23.66
13.58,13.9,5.1,23.21
13.08,12.21,4.67,25.73
12.75,12.82,4.63,25.29
12.3,12.38,6.02,25.31
13.45,13.71,4.3,25.83
13.08,13.5,5.15,24.18
13.57,12.88,4.79,25.57
12.97,12.35,6.22,23.7
13.03,13.52,4.05,25.52
13.58,13.76,6.19,25.66
12.47,12.61,6.96,24.05
12.39,13.1,5.89,25.68
12.43,13.13,4.14,24.13
13.33,12.84,6.64,25.83
13.46,13.41,5.85,24.09
12.57,13.34,4.11,24.42
12.09,13.49,6.27,25.82
12.73,12.25,6.26,23.18
13.19,12.76,4.32,23.18
13.2,13.05,6.01,24.33
12.96,13.0,4.48,24.36
13.46,13.91,6.33,23.06
12.63,13.56,5.32,25.31
12.04,12.62,6.55,23.35
12.62,12.5,4.43,23.74
13.05,13.58,4.1,23.26
12.12,13.14,5.14,23.54
13.6,12.92,6.02,24.28
13.57,12.73,4.21,25.36
12.14,12.16,4.35,24.28
12.19,13.52,6.14,25.44
13.8,12.38,5.09,23.68
13.3,13.01,5.72,23.68
12.14,12.76,5.58,24.75
13.76,12.02,4.01,25.66
13.54,12.31,4.62,25.21
13.66,13.8,4.27,24.49
12.34,12.35,6.05,23.77
13.36,12.8,5.01,24.94
12.37,12.8,4.44,24.5
12.46,13.71,5.14,24.57
12.75,12.73,4.68,23.84
12.02,12.75,6.82,24.04
12.06,13.01,6.52,23.22
13.27,13.95,6.46,23.32
12.54,12.9,6.39,25.35
13.56,12.89,4.38,24.47
12.31,12.65,6.35,25.51
13.45,12.52,4.76,24.72
